tipo,n_cliente,num_cliente,num_cuenta,num_tarjeta,saldo,imp_credito,mon_credito,fecha_apertura,fecha_pago,fecha_dep,fecha_ven,fecha_corte,num_sucursal,estado,correo,telefono,rfc_empresa,n_empresa
CuentaD,Darby Hanton,1,4317,,391.67,,,31-07-2025,,,,31-12-2026,2,Jalisco,dhanton0@infoseek.co.jp,8703810611,,
CuentaD,Ester Hunnybun,2,4425,,1430.98,,,20-11-2025,,,,31-12-2026,6,Tlaxcala,ehunnybun1@apache.org,4562981667,,
CuentaD,Ula Rominov,3,2658,,9989.79,,,13-12-2025,,,,31-12-2026,2,Jalisco,urominov2@goo.ne.jp,1915841855,,
CuentaN,Grady Botfield,4,4669,,1722.87,,,23-08-2025,,29-11-2025,,,4,Guerrero,gbotfield3@amazonaws.com,5646568177,ZAZQ099590KMJ,Demizz
CuentaN,Kearney Quartly,5,4776,,1640.65,,,18-01-2025,,07-05-2025,,,3,Puebla,kquartly4@boston.com,8393082683,HPPX247614NKJ,Twinder
CuentaC,Evonne Clawley,6,,3093,,308.07,133,29-07-2025,23-10-2026,,31-12-2026,,2,Jalisco,eclawley5@dedecms.com,1988066505,,
CuentaD,Konstantin Bunson,7,3234,,9094.17,,,24-02-2025,,,,31-12-2026,2,Jalisco,kbunson6@google.ru,7522366789,,
CuentaC,Mattheus Gallaccio,8,,1706,,9121.77,3477.98,10-03-2025,19-07-2026,,31-12-2026,,6,Tlaxcala,mgallaccio7@businesswire.com,7598249971,,
CuentaN,Gypsy LAbbet,9,1138,,7446.84,,,26-05-2025,,18-11-2025,,,4,Guerrero,glabbet8@cnet.com,1543997564,GNER028555BON,Yamia
CuentaD,Andreana Attwood,10,3451,,6922.89,,,02-02-2025,,,,31-12-2026,5,Morelos,aattwood9@is.gd,2873473603,,
CuentaN,Brennen Lemmen,11,2226,,5071.73,,,09-04-2025,,03-08-2025,,,1,Hidalgo,blemmena@pcworld.com,2418940830,AQVC714395DBT,Fiveclub
CuentaN,Lorin Adamkiewicz,12,2600,,4123.77,,,23-04-2025,,03-11-2025,,,1,Hidalgo,ladamkiewiczb@state.gov,6719561422,RPMT356537WQP,Kimia
CuentaD,Belita O'Kane,13,1801,,1524.5,,,29-10-2025,,,,31-12-2026,1,Hidalgo,bokanec@businessweek.com,6695844042,,
CuentaD,Elysha Greest,14,4178,,8409.41,,,10-07-2025,,,,31-12-2026,1,Hidalgo,egreestd@typepad.com,1132070008,,
CuentaC,Donnie McKeney,15,,4877,,4942.87,1075,13-06-2025,22-04-2026,,31-12-2026,,2,Jalisco,dmckeneye@freewebs.com,7153007848,,
CuentaD,Susette Winnett,16,3843,,7311.67,,,21-04-2025,,,,31-12-2026,3,Puebla,swinnettf@yale.edu,6416456933,,
CuentaD,Marris Simenot,17,4103,,2469.6,,,13-10-2025,,,,31-12-2026,3,Puebla,msimenotg@cnbc.com,9232804610,,
CuentaC,Deeyn Corsham,18,,2692,,3074.83,608.32,06-04-2025,30-12-2026,,31-12-2026,,3,Puebla,dcorshamh@pen.io,1277544487,,
CuentaN,Elita Arrigucci,19,956,,1772.18,,,09-04-2025,,17-02-2025,,,3,Puebla,earriguccii@amazon.co.jp,9174896936,SBMY412274GXV,Voolia
CuentaC,Haily Dumpleton,20,,5994,,2932.05,181,23-01-2025,10-01-2026,,31-12-2026,,2,Jalisco,hdumpletonj@mozilla.org,6028655381,,
CuentaN,Estrella Bisp,21,3679,,7045.15,,,24-12-2025,,10-08-2025,,,2,Jalisco,ebispk@virginia.edu,4121925597,QKDD543249OIE,Kazio
CuentaD,Lori Sarney,22,1631,,9507.15,,,29-04-2025,,,,31-12-2026,3,Puebla,lsarneyl@zdnet.com,8211020171,,
CuentaD,Lian Blanking,23,3521,,4026.14,,,21-03-2025,,,,31-12-2026,5,Morelos,lblankingm@rakuten.co.jp,3936868259,,
CuentaD,Brady Mulford,24,3540,,5474.42,,,22-01-2025,,,,31-12-2026,6,Tlaxcala,bmulfordn@yahoo.com,5296081571,,
CuentaD,Coletta Dowden,25,1204,,2144.2,,,09-02-2025,,,,31-12-2026,4,Guerrero,cdowdeno@networkadvertising.org,8554848834,,
CuentaD,Shaine Honack,26,3059,,7740.24,,,13-12-2025,,,,31-12-2026,4,Guerrero,shonackp@skyrock.com,8225883626,,
CuentaC,Jarid Lowle,27,,7751,,2056.75,575,16-04-2025,04-10-2026,,31-12-2026,,2,Jalisco,jlowleq@gnu.org,8974736498,,
CuentaC,Drew Tuffs,28,,7551,,706.87,633,06-09-2025,24-02-2026,,31-12-2026,,5,Morelos,dtuffsr@cam.ac.uk,9537651003,,
CuentaN,Darell Osband,29,492,,1851.6,,,08-02-2025,,25-11-2025,,,4,Guerrero,dosbands@trellian.com,4899560614,ITOL756021PCF,Blogpad
CuentaN,Rudolf Brann,30,405,,4734.04,,,08-06-2025,,10-04-2025,,,4,Guerrero,rbrannt@geocities.com,3528176818,PQKO873934CDI,Devbug
CuentaC,Pansie Lettuce,31,,3936,,5490.23,1348.8,18-03-2025,03-07-2026,,31-12-2026,,1,Hidalgo,plettuceu@webmd.com,5166620295,,
CuentaC,Gib Grote,32,,7966,,1406.11,1329,06-01-2025,30-12-2026,,31-12-2026,,3,Puebla,ggrotev@is.gd,4895991247,,
CuentaN,Beauregard Trayling,33,1854,,2058.55,,,01-09-2025,,24-01-2025,,,1,Hidalgo,btraylingw@census.gov,2103658050,DWRZ309158VWV,Trudoo
CuentaC,Inglis Coulter,34,,1622,,6343.16,2846,03-04-2025,06-05-2026,,31-12-2026,,5,Morelos,icoulterx@123-reg.co.uk,4002909152,,
CuentaD,Kattie McIntee,35,1002,,1271.59,,,12-01-2025,,,,31-12-2026,6,Tlaxcala,kmcinteey@addthis.com,7021862305,,
CuentaN,Dag Fossord,36,3712,,140.34,,,23-10-2025,,31-05-2025,,,5,Morelos,dfossordz@buzzfeed.com,3805328118,EMKK985380GFH,Devpoint
CuentaN,Becca Lydford,37,4388,,1299.79,,,12-10-2025,,10-12-2025,,,3,Puebla,blydford10@sakura.ne.jp,9797271814,ZLKV605344XGX,Zoomcast
CuentaN,Hakim Dootson,38,4106,,5376.34,,,13-04-2025,,20-11-2025,,,4,Guerrero,hdootson11@arstechnica.com,9255364714,ATUA800223MWJ,Jaxworks
CuentaD,Lucio Bancroft,39,669,,8298.72,,,11-10-2025,,,,31-12-2026,4,Guerrero,lbancroft12@earthlink.net,4994631366,,
CuentaD,Leland Beaudry,40,486,,8661.78,,,23-06-2025,,,,31-12-2026,3,Puebla,lbeaudry13@mapy.cz,8703758928,,
CuentaN,Chrysler Van den Velde,41,4878,,9730.54,,,02-11-2025,,29-07-2025,,,3,Puebla,cvan14@ebay.co.uk,5818314925,DNWL513556PQN,Jabbercube
CuentaD,Catlee Petti,42,1535,,6790.2,,,08-08-2025,,,,31-12-2026,3,Puebla,cpetti15@mayoclinic.com,8715326382,,
CuentaC,Lionello Hamments,43,,3719,,4124.81,1398.48,14-09-2025,09-09-2026,,31-12-2026,,5,Morelos,lhamments16@dagondesign.com,9738577434,,
CuentaN,Jemimah Arlt,44,4360,,6409.66,,,09-06-2025,,02-07-2025,,,6,Tlaxcala,jarlt17@google.co.jp,6262207583,LQPB615036LJC,Cogibox
CuentaN,Iain Gummie,45,1209,,7618.74,,,13-10-2025,,01-10-2025,,,6,Tlaxcala,igummie18@springer.com,6563771269,JVHI307623CYG,Plajo
CuentaD,Barbara Garlette,46,637,,9294.58,,,12-05-2025,,,,31-12-2026,6,Tlaxcala,bgarlette19@bandcamp.com,3126806524,,
CuentaD,Lothaire Clout,47,4029,,6032.29,,,03-02-2025,,,,31-12-2026,5,Morelos,lclout1a@noaa.gov,7594832951,,
CuentaN,Janey Kliner,48,2904,,1417.02,,,06-11-2025,,21-02-2025,,,5,Morelos,jkliner1b@istockphoto.com,7202543441,XOSR368888MGC,Jabbercube
CuentaD,Marlon Deaconson,49,1743,,328.06,,,11-04-2025,,,,31-12-2026,4,Guerrero,mdeaconson1c@devhub.com,9176494999,,
CuentaC,Elfreda Buntine,50,,4365,,8580.41,819.21,31-03-2025,24-12-2026,,31-12-2026,,2,Jalisco,ebuntine1d@meetup.com,7311244724,,
CuentaN,Carlee Durno,51,907,,878.93,,,20-05-2025,,15-06-2025,,,1,Hidalgo,cdurno1e@wordpress.com,5891595633,YLEY357048KFC,Oloo
CuentaN,Lian Mingey,52,546,,3981.51,,,31-03-2025,,30-12-2025,,,4,Guerrero,lmingey1f@deliciousdays.com,1375501047,FLWQ818760RTR,Skyble
CuentaD,Wells Karolewski,53,3809,,9071.47,,,19-05-2025,,,,31-12-2026,4,Guerrero,wkarolewski1g@surveymonkey.com,6123994284,,
CuentaD,Zackariah Drinkwater,54,2024,,1882.08,,,04-11-2025,,,,31-12-2026,4,Guerrero,zdrinkwater1h@wordpress.com,2972369447,,
CuentaC,Candy McComas,55,,8008,,3993.55,2309,17-03-2025,12-03-2026,,31-12-2026,,3,Puebla,cmccomas1i@cnbc.com,2008717181,,
CuentaN,Vivian Povall,56,3447,,516.96,,,01-08-2025,,08-09-2025,,,5,Morelos,vpovall1j@drupal.org,4036788671,SYHM339607PAZ,Blognation
CuentaD,Loleta Cornils,57,4282,,625.47,,,13-10-2025,,,,31-12-2026,4,Guerrero,lcornils1k@google.nl,4043073155,,
CuentaC,Hilary Kures,58,,7287,,6335.15,2933,21-04-2025,14-11-2026,,31-12-2026,,5,Morelos,hkures1l@webmd.com,5438527357,,
CuentaC,Morgen Goodale,59,,1402,,994.38,248,02-04-2025,28-06-2026,,31-12-2026,,5,Morelos,mgoodale1m@youtube.com,8038844410,,
CuentaC,Madeline Perrington,60,,4761,,2723.95,2162,14-02-2025,18-07-2026,,31-12-2026,,6,Tlaxcala,mperrington1n@ifeng.com,6348889434,,
CuentaN,Farrel MacAlaster,61,145,,899.99,,,31-03-2025,,28-01-2025,,,4,Guerrero,fmacalaster1o@aboutads.info,3455158158,BLEZ801578MHU,Mynte
CuentaD,Chloris Enns,62,2132,,654.29,,,10-08-2025,,,,31-12-2026,4,Guerrero,cenns1p@dailymail.co.uk,2485386370,,
CuentaC,Pall Bonett,63,,8443,,9740.92,8954.91,29-05-2025,02-02-2026,,31-12-2026,,3,Puebla,pbonett1q@vistaprint.com,5817960460,,
CuentaC,Roth Vickerstaff,64,,6395,,5456.31,3139,01-03-2025,08-06-2026,,31-12-2026,,3,Puebla,rvickerstaff1r@surveymonkey.com,1522462862,,
CuentaC,Luella Hollyar,65,,5673,,9121.37,292,29-11-2025,19-06-2026,,31-12-2026,,4,Guerrero,lhollyar1s@woothemes.com,6028619255,,
CuentaD,Ancell Marrett,66,939,,3743.1,,,12-07-2025,,,,31-12-2026,5,Morelos,amarrett1t@wp.com,4541551025,,
CuentaC,Marion Lynthal,67,,2908,,6144.38,3311,20-10-2025,22-11-2026,,31-12-2026,,3,Puebla,mlynthal1u@xrea.com,8217675675,,
CuentaC,Zorina Peppard,68,,6158,,5314.76,1140,07-07-2025,14-10-2026,,31-12-2026,,3,Puebla,zpeppard1v@seesaa.net,5117013164,,
CuentaD,Louie Yorath,69,3303,,3806.32,,,02-12-2025,,,,31-12-2026,1,Hidalgo,lyorath1w@friendfeed.com,3998067438,,
CuentaC,Jewell Issett,70,,7904,,1404.27,388,04-06-2025,28-10-2026,,31-12-2026,,1,Hidalgo,jissett1x@infoseek.co.jp,1381902310,,
CuentaD,Tommie Oldrey,71,4813,,1392.35,,,25-01-2025,,,,31-12-2026,2,Jalisco,toldrey1y@barnesandnoble.com,4674208077,,
CuentaD,Agatha Greenacre,72,4011,,5971.7,,,10-04-2025,,,,31-12-2026,2,Jalisco,agreenacre1z@w3.org,9503807993,,
CuentaD,Raye Densell,73,4275,,3474.93,,,11-11-2025,,,,31-12-2026,4,Guerrero,rdensell20@google.com.au,8513108635,,
CuentaN,Lombard Steels,74,3696,,5271.29,,,14-05-2025,,13-05-2025,,,1,Hidalgo,lsteels21@timesonline.co.uk,3327970108,KIJV544853SQU,Browsedrive
CuentaN,Aarika Vallery,75,2001,,1052.59,,,28-06-2025,,13-01-2025,,,1,Hidalgo,avallery22@arstechnica.com,9136042272,EZWR405837PHI,Bubblebox
CuentaN,Barton Paton,76,2326,,7945.23,,,11-07-2025,,02-05-2025,,,1,Hidalgo,bpaton23@shop-pro.jp,8094581814,CHOG292702VHX,Gigashots
CuentaD,Hill Kingwell,77,2760,,4826.34,,,07-01-2025,,,,31-12-2026,4,Guerrero,hkingwell24@theatlantic.com,6919558318,,
CuentaC,Noak Sasser,78,,7675,,5454.24,777.32,30-10-2025,04-11-2026,,31-12-2026,,1,Hidalgo,nsasser25@seesaa.net,7316735928,,
CuentaD,Terry Ximenez,79,544,,6413.26,,,22-09-2025,,,,31-12-2026,3,Puebla,tximenez26@taobao.com,3799820591,,
CuentaD,Auguste Mauger,80,2628,,3753.33,,,01-11-2025,,,,31-12-2026,3,Puebla,amauger27@eepurl.com,8515556489,,
CuentaN,Taylor Reboul,81,3094,,4213.72,,,13-05-2025,,15-03-2025,,,3,Puebla,treboul28@nymag.com,4896188014,LGAP485548BPR,Quamba
CuentaD,Cathie Snarr,82,2678,,7110.21,,,10-08-2025,,,,31-12-2026,6,Tlaxcala,csnarr29@usa.gov,2023662422,,
CuentaD,Way Whitland,83,4605,,1030.83,,,02-03-2025,,,,31-12-2026,6,Tlaxcala,wwhitland2a@java.com,7347710990,,
CuentaD,Garv Dever,84,4348,,5309.45,,,19-07-2025,,,,31-12-2026,6,Tlaxcala,gdever2b@youku.com,9244263916,,
CuentaN,Sayers Quinnette,85,4840,,9076.43,,,26-04-2025,,16-02-2025,,,4,Guerrero,squinnette2c@google.ru,6353441465,MRHA044896EET,Quimm
CuentaN,Cherey Gaither,86,2130,,8409.51,,,25-02-2025,,26-04-2025,,,6,Tlaxcala,cgaither2d@unblog.fr,3207490154,EMIM807025RRO,Dazzlesphere
CuentaN,Stavros Tisor,87,4486,,6099.58,,,31-10-2025,,29-01-2025,,,3,Puebla,stisor2e@artisteer.com,5016240047,YHBY194758NHD,Gabtype
CuentaN,Roobbie McIllrick,88,2554,,8230.75,,,30-03-2025,,24-11-2025,,,1,Hidalgo,rmcillrick2f@wikia.com,4836989296,QLXB177326KBT,Riffpath
CuentaC,Car Bank,89,,3058,,9596.0,3638.91,11-02-2025,26-06-2026,,31-12-2026,,1,Hidalgo,cbank2g@amazonaws.com,6465179937,,
CuentaC,Consolata Antoniewski,90,,4760,,1542.14,1207,24-05-2025,19-05-2026,,31-12-2026,,3,Puebla,cantoniewski2h@yellowbook.com,8665392864,,
CuentaC,Sella Mansell,91,,4239,,2120.26,2084,13-03-2025,28-04-2026,,31-12-2026,,4,Guerrero,smansell2i@telegraph.co.uk,4553297797,,
CuentaD,Katrina Pichan,92,4142,,6584.9,,,19-08-2025,,,,31-12-2026,5,Morelos,kpichan2j@buzzfeed.com,6518374244,,
CuentaC,Franny Bridson,93,,8311,,4856.19,2334.56,05-04-2025,25-08-2026,,31-12-2026,,6,Tlaxcala,fbridson2k@sciencedaily.com,3726390505,,
CuentaN,Christie Plunket,94,2616,,934.38,,,17-05-2025,,23-08-2025,,,4,Guerrero,cplunket2l@biblegateway.com,2161103482,ZLAT271744SBP,Fliptune
CuentaN,Dillie Humbey,95,3972,,4281.35,,,17-02-2025,,17-05-2025,,,4,Guerrero,dhumbey2m@hud.gov,6266684823,JZLY488093TUW,Bubbletube
CuentaC,Bride Dunford,96,,7128,,7628.64,4745.29,26-11-2025,24-12-2026,,31-12-2026,,6,Tlaxcala,bdunford2n@arstechnica.com,1519455133,,
CuentaN,Dorothy Gunstone,97,2128,,2503.1,,,25-01-2025,,03-08-2025,,,3,Puebla,dgunstone2o@craigslist.org,3155325724,IMWV588678QRP,Kwinu
CuentaC,Moselle Bellis,98,,8129,,3961.96,3874.31,07-05-2025,08-11-2026,,31-12-2026,,5,Morelos,mbellis2p@addtoany.com,8725896879,,
CuentaC,Yovonnda Palfery,99,,7082,,7112.23,1086.66,13-12-2025,14-12-2026,,31-12-2026,,2,Jalisco,ypalfery2q@php.net,1093431248,,
CuentaC,Hugues Pepperd,100,,4016,,5086.27,3357.87,19-07-2025,22-11-2026,,31-12-2026,,6,Tlaxcala,hpepperd2r@hp.com,6312078770,,
CuentaC,Sissie Attyeo,101,,8734,,3863.88,1827.87,23-09-2025,08-09-2026,,31-12-2026,,5,Morelos,sattyeo2s@dion.ne.jp,9725270013,,
CuentaC,Fernandina Pudding,102,,6144,,9352.35,4698.82,11-07-2025,12-02-2026,,31-12-2026,,2,Jalisco,fpudding2t@webmd.com,1148060118,,
CuentaD,Kele Watkins,103,1580,,1082.02,,,16-05-2025,,,,31-12-2026,2,Jalisco,kwatkins2u@a8.net,8161763505,,
CuentaD,Arline Soro,104,4534,,4612.31,,,30-07-2025,,,,31-12-2026,1,Hidalgo,asoro2v@google.com.au,7586498315,,
CuentaD,Valentijn Droghan,105,3586,,3725.59,,,06-09-2025,,,,31-12-2026,4,Guerrero,vdroghan2w@feedburner.com,3032503068,,
CuentaD,Gray Khomishin,106,3656,,7292.35,,,18-09-2025,,,,31-12-2026,2,Jalisco,gkhomishin2x@163.com,5348368560,,
CuentaD,Ivett Eland,107,2588,,5188.73,,,13-03-2025,,,,31-12-2026,1,Hidalgo,ieland2y@adobe.com,6059361796,,
CuentaC,Elroy Niece,108,,2548,,2549.82,2434.22,08-01-2025,28-10-2026,,31-12-2026,,1,Hidalgo,eniece2z@list-manage.com,2694101915,,
CuentaC,Carola O'Lennane,109,,3099,,1777.67,1462,17-10-2025,12-06-2026,,31-12-2026,,2,Jalisco,colennane30@youku.com,7066295260,,
CuentaC,Sandi Longfellow,110,,3676,,9537.71,228.51,04-02-2025,28-12-2026,,31-12-2026,,6,Tlaxcala,slongfellow31@nationalgeographic.com,6056726023,,
CuentaC,Sharia Beauly,111,,1784,,4346.96,525.93,23-11-2025,01-03-2026,,31-12-2026,,6,Tlaxcala,sbeauly32@is.gd,2733355604,,
CuentaC,Pam Mattaus,112,,6727,,9995.09,2198.57,09-03-2025,22-05-2026,,31-12-2026,,1,Hidalgo,pmattaus33@skyrock.com,7797015016,,
CuentaD,Jasper Abdie,113,650,,1749.93,,,02-08-2025,,,,31-12-2026,6,Tlaxcala,jabdie34@sciencedirect.com,1269594114,,
CuentaN,Tamera Corbie,114,1518,,5725.12,,,25-06-2025,,07-03-2025,,,4,Guerrero,tcorbie35@dion.ne.jp,7822397502,DBCO433416DVA,Topiczoom
CuentaN,Gilly MacTeggart,115,4639,,8037.45,,,27-04-2025,,31-03-2025,,,1,Hidalgo,gmacteggart36@pen.io,4842795230,BAMD136538VIC,Oyoba
CuentaN,Lula Kase,116,2902,,2562.01,,,24-10-2025,,10-06-2025,,,5,Morelos,lkase37@reuters.com,1105199722,XDCO300066HWD,Meetz
CuentaN,Teddie Robardey,117,3806,,3282.71,,,25-07-2025,,02-03-2025,,,4,Guerrero,trobardey38@tamu.edu,1393229879,JUBD227954ZJL,Linktype
CuentaN,Ab Mairs,118,2713,,6212.57,,,24-12-2025,,24-03-2025,,,2,Jalisco,amairs39@baidu.com,3143463027,WGFE631843GPA,Jetpulse
CuentaC,Ariella Drohun,119,,2394,,6934.73,6035.91,28-07-2025,30-08-2026,,31-12-2026,,6,Tlaxcala,adrohun3a@cbsnews.com,3037246323,,
CuentaD,Towney Pedder,120,726,,8053.54,,,28-05-2025,,,,31-12-2026,4,Guerrero,tpedder3b@4shared.com,4841055115,,
CuentaD,Daune Doncom,121,4477,,4977.05,,,13-05-2025,,,,31-12-2026,6,Tlaxcala,ddoncom3c@oaic.gov.au,4976740108,,
CuentaD,Jennette Besnard,122,550,,1526.31,,,12-05-2025,,,,31-12-2026,3,Puebla,jbesnard3d@so-net.ne.jp,5976014693,,
CuentaD,Oren Frankes,123,2204,,963.44,,,09-07-2025,,,,31-12-2026,6,Tlaxcala,ofrankes3e@mozilla.com,7357930788,,
CuentaC,Adi Dunphy,124,,2642,,8491.83,5555.86,23-04-2025,25-02-2026,,31-12-2026,,2,Jalisco,adunphy3f@reuters.com,2015643776,,
CuentaN,Desdemona Desesquelle,125,1740,,3337.59,,,04-04-2025,,04-11-2025,,,5,Morelos,ddesesquelle3g@yale.edu,3768869711,VOFK365045HJS,Cogibox
CuentaD,Mahmoud Cramp,126,3516,,3049.2,,,27-02-2025,,,,31-12-2026,2,Jalisco,mcramp3h@businesswire.com,7677538454,,
CuentaC,Kirstyn Cockman,127,,3570,,7283.14,4701.07,17-09-2025,08-06-2026,,31-12-2026,,3,Puebla,kcockman3i@hc360.com,1115487759,,
CuentaC,Ulla Burdge,128,,5262,,915.42,396,25-05-2025,13-08-2026,,31-12-2026,,6,Tlaxcala,uburdge3j@techcrunch.com,7871606345,,
CuentaD,Daile Luxon,129,957,,7516.81,,,07-11-2025,,,,31-12-2026,1,Hidalgo,dluxon3k@purevolume.com,5901309135,,
CuentaD,Devy Rolin,130,4385,,9842.17,,,15-07-2025,,,,31-12-2026,1,Hidalgo,drolin3l@mozilla.com,3627703246,,
CuentaC,Marne Licence,131,,3287,,236.18,152,22-01-2025,18-01-2026,,31-12-2026,,3,Puebla,mlicence3m@tumblr.com,6157765214,,
CuentaC,Jenna Shaw,132,,6134,,1081.36,612,27-04-2025,18-07-2026,,31-12-2026,,3,Puebla,jshaw3n@blogs.com,2045629262,,
CuentaD,Thatch Spottiswood,133,1632,,8327.09,,,18-06-2025,,,,31-12-2026,4,Guerrero,tspottiswood3o@4shared.com,4851355252,,
CuentaC,Annabell Hubber,134,,1463,,9967.34,5877.72,15-08-2025,14-03-2026,,31-12-2026,,4,Guerrero,ahubber3p@phpbb.com,3954988099,,
CuentaN,Burl Gladtbach,135,4502,,1268.26,,,19-12-2025,,21-12-2025,,,4,Guerrero,bgladtbach3q@microsoft.com,5018735377,DQOG507269RJD,Yadel
CuentaN,Ilene Parradice,136,1812,,4370.16,,,28-07-2025,,24-07-2025,,,3,Puebla,iparradice3r@wikimedia.org,8179124084,XXOF299585YYY,Fatz
CuentaN,Terrill Makey,137,3007,,8212.96,,,23-09-2025,,20-02-2025,,,2,Jalisco,tmakey3s@ustream.tv,3046722531,UEYN927533VUL,Nlounge
CuentaD,Dannie McNee,138,4937,,9032.57,,,11-04-2025,,,,31-12-2026,6,Tlaxcala,dmcnee3t@japanpost.jp,3285254602,,
CuentaD,Alva Tremlett,139,4450,,1973.98,,,23-05-2025,,,,31-12-2026,4,Guerrero,atremlett3u@pcworld.com,8242480803,,
CuentaN,Anallese Paulsen,140,22,,7263.93,,,14-07-2025,,08-11-2025,,,6,Tlaxcala,apaulsen3v@ask.com,3697718589,DFIM161117OFQ,Skajo
CuentaC,Hyatt Sesser,141,,9116,,9921.26,9398.27,11-01-2025,10-04-2026,,31-12-2026,,3,Puebla,hsesser3w@quantcast.com,5022036935,,
CuentaD,Nanice Dilleston,142,2705,,8877.73,,,25-11-2025,,,,31-12-2026,2,Jalisco,ndilleston3x@who.int,8626381582,,
CuentaD,Urbano Culpan,143,917,,1879.01,,,13-08-2025,,,,31-12-2026,1,Hidalgo,uculpan3y@yellowbook.com,1329862999,,
CuentaD,Starla Lindsley,144,484,,5290.74,,,11-03-2025,,,,31-12-2026,6,Tlaxcala,slindsley3z@si.edu,5458224630,,
CuentaD,Carmencita Ridett,145,3605,,7370.03,,,17-11-2025,,,,31-12-2026,4,Guerrero,cridett40@youku.com,5275334501,,
CuentaC,Tammara Royle,146,,9107,,1226.62,899,26-08-2025,21-02-2026,,31-12-2026,,1,Hidalgo,troyle41@flickr.com,7113273434,,
CuentaD,Ferne Boarleyson,147,4160,,6953.98,,,23-04-2025,,,,31-12-2026,4,Guerrero,fboarleyson42@usatoday.com,3101575870,,
CuentaC,Fleur Overstreet,148,,6694,,1400.08,20,18-08-2025,16-07-2026,,31-12-2026,,2,Jalisco,foverstreet43@hatena.ne.jp,4435428971,,
CuentaC,Eunice Rawle,149,,3754,,4815.96,3718,12-12-2025,20-07-2026,,31-12-2026,,1,Hidalgo,erawle44@lycos.com,3327660704,,
CuentaD,Gayla Simonsson,150,2918,,7733.1,,,31-01-2025,,,,31-12-2026,1,Hidalgo,gsimonsson45@omniture.com,3545272880,,
CuentaN,Rochester Skells,151,3662,,303.42,,,10-03-2025,,28-03-2025,,,6,Tlaxcala,rskells46@uiuc.edu,3238071302,KAVN196469YOY,Geba
CuentaC,Padget Mannin,152,,2629,,1605.35,911.38,21-05-2025,26-09-2026,,31-12-2026,,3,Puebla,pmannin47@un.org,2488967665,,
CuentaD,Phylis Ginsie,153,3947,,8359.41,,,27-08-2025,,,,31-12-2026,5,Morelos,pginsie48@moonfruit.com,4395087338,,
CuentaD,Rozanne Yakobovicz,154,4610,,3837.64,,,05-04-2025,,,,31-12-2026,1,Hidalgo,ryakobovicz49@lulu.com,9743264501,,
CuentaN,Chance Dechelle,155,3575,,7970.09,,,30-04-2025,,29-04-2025,,,2,Jalisco,cdechelle4a@google.it,1831191912,DRYU369713QLI,Yacero
CuentaD,Micaela Ingledow,156,697,,4717.71,,,20-06-2025,,,,31-12-2026,2,Jalisco,mingledow4b@163.com,6259034300,,
CuentaC,Fraser Ascraft,157,,6247,,8395.85,7500.18,09-10-2025,23-09-2026,,31-12-2026,,5,Morelos,fascraft4c@plala.or.jp,1313364636,,
CuentaD,Marilin Dreossi,158,777,,2589.15,,,16-05-2025,,,,31-12-2026,2,Jalisco,mdreossi4d@moonfruit.com,6697500598,,
CuentaD,Corbin Aylen,159,2863,,1627.71,,,23-06-2025,,,,31-12-2026,6,Tlaxcala,caylen4e@washingtonpost.com,5914990346,,
CuentaD,Nedda Coyett,160,4912,,4117.71,,,22-04-2025,,,,31-12-2026,2,Jalisco,ncoyett4f@feedburner.com,7518505688,,
CuentaC,Chane Fallowfield,161,,1273,,7757.14,6165.65,01-02-2025,19-08-2026,,31-12-2026,,6,Tlaxcala,cfallowfield4g@fastcompany.com,8844161395,,
CuentaN,Arny Bentley,162,145,,9295.41,,,03-03-2025,,12-09-2025,,,1,Hidalgo,abentley4h@zimbio.com,7294356606,WVYJ272716SPS,Rhycero
CuentaN,Cortney Creffield,163,235,,3874.73,,,02-01-2025,,04-02-2025,,,2,Jalisco,ccreffield4i@foxnews.com,7379215466,GHPQ644681DUW,Quinu
CuentaN,Allissa Ham,164,447,,2897.33,,,09-01-2025,,20-01-2025,,,4,Guerrero,aham4j@printfriendly.com,9881059292,JGQA280974WDT,Yombu
CuentaD,Violet Dumblton,165,4191,,4616.5,,,09-02-2025,,,,31-12-2026,6,Tlaxcala,vdumblton4k@rambler.ru,1915598656,,
CuentaN,Winfield Benoist,166,2231,,3891.15,,,29-04-2025,,24-01-2025,,,2,Jalisco,wbenoist4l@state.tx.us,7756974929,TIRQ051763TYF,Eazzy
CuentaD,Aggy Rollings,167,302,,8014.51,,,21-05-2025,,,,31-12-2026,6,Tlaxcala,arollings4m@goodreads.com,1058210483,,
CuentaC,Franzen Tortice,168,,1693,,9248.35,4777,17-03-2025,04-03-2026,,31-12-2026,,4,Guerrero,ftortice4n@squidoo.com,3141321626,,
CuentaN,Delaney Borsi,169,4099,,2631.87,,,16-09-2025,,13-10-2025,,,6,Tlaxcala,dborsi4o@weather.com,2832057467,PHJN329804UQT,Innojam
CuentaD,Cully Dolley,170,4507,,3165.33,,,20-12-2025,,,,31-12-2026,5,Morelos,cdolley4p@elegantthemes.com,4605152940,,
CuentaC,Sven Woodwin,171,,7959,,8471.52,6305.2,21-12-2025,04-07-2026,,31-12-2026,,1,Hidalgo,swoodwin4q@apple.com,8285164838,,
CuentaN,Shae Holdron,172,4766,,1975.32,,,27-02-2025,,06-04-2025,,,2,Jalisco,sholdron4r@mozilla.org,9172986542,UIMI169454PAY,Katz
CuentaN,Diahann Ogilvie,173,2175,,9805.83,,,19-12-2025,,21-01-2025,,,5,Morelos,dogilvie4s@rakuten.co.jp,6961412008,AUSY925830ZTK,Meevee
CuentaN,Tammie Jaycocks,174,1609,,5354.47,,,27-11-2025,,11-04-2025,,,3,Puebla,tjaycocks4t@tuttocitta.it,3167454980,HQDE556795SKW,Innojam
CuentaC,Garrick Linger,175,,4418,,4044.59,3839,24-10-2025,09-05-2026,,31-12-2026,,3,Puebla,glinger4u@furl.net,2827840457,,
CuentaC,Deeann Rableau,176,,6098,,8845.02,1212.86,31-08-2025,27-05-2026,,31-12-2026,,6,Tlaxcala,drableau4v@naver.com,4137850494,,
CuentaN,Rhys Serle,177,2610,,5855.93,,,12-09-2025,,08-10-2025,,,3,Puebla,rserle4w@oakley.com,2373746631,LCSL643559CWD,Topiczoom
CuentaN,Amaleta Hadden,178,2826,,5160.9,,,25-08-2025,,17-08-2025,,,2,Jalisco,ahadden4x@state.tx.us,3229137439,ZFET439626WUX,Centidel
CuentaN,Jennifer Oliveira,179,4641,,1939.78,,,24-02-2025,,03-08-2025,,,2,Jalisco,joliveira4y@amazon.de,7507177691,OPUT343727MGU,Bubblebox
CuentaC,Tucky Loxton,180,,7874,,7275.55,3289.05,05-02-2025,10-06-2026,,31-12-2026,,5,Morelos,tloxton4z@yolasite.com,2853539905,,
CuentaC,Halimeda World,181,,6381,,4048.04,3334,23-10-2025,25-12-2026,,31-12-2026,,1,Hidalgo,hworld50@miitbeian.gov.cn,5856568851,,
CuentaD,Jordana Trengove,182,2720,,2783.76,,,10-12-2025,,,,31-12-2026,6,Tlaxcala,jtrengove51@go.com,5455833649,,
CuentaD,Devinne Domingues,183,1602,,5164.26,,,01-04-2025,,,,31-12-2026,4,Guerrero,ddomingues52@wordpress.org,1994173570,,
CuentaC,Biddie Drieu,184,,4917,,1387.76,459,16-03-2025,24-04-2026,,31-12-2026,,2,Jalisco,bdrieu53@biglobe.ne.jp,5198730278,,
CuentaD,Dorian Sacase,185,4726,,6261.5,,,08-04-2025,,,,31-12-2026,4,Guerrero,dsacase54@symantec.com,5207040883,,
CuentaC,Cal Han,186,,7075,,4242.97,820.88,18-08-2025,24-03-2026,,31-12-2026,,5,Morelos,chan55@tmall.com,5712282069,,
CuentaN,Bel Willshear,187,3029,,6371.5,,,07-05-2025,,02-10-2025,,,6,Tlaxcala,bwillshear56@wikimedia.org,7486455901,XHAR634270MTX,Flashpoint
CuentaD,Bronnie Craze,188,1005,,8066.37,,,27-08-2025,,,,31-12-2026,1,Hidalgo,bcraze57@edublogs.org,7457095703,,
CuentaD,Becca Beevers,189,3858,,1230.68,,,17-05-2025,,,,31-12-2026,1,Hidalgo,bbeevers58@list-manage.com,1953756947,,
CuentaC,Towny Shiers,190,,2887,,2546.86,86,22-04-2025,02-01-2026,,31-12-2026,,4,Guerrero,tshiers59@walmart.com,9537842004,,
CuentaN,Dollie Roffey,191,3543,,2791.41,,,01-02-2025,,11-06-2025,,,1,Hidalgo,droffey5a@symantec.com,9175241264,JUEL772079IGE,Shuffledrive
CuentaD,Leonanie Sibary,192,613,,3689.96,,,03-07-2025,,,,31-12-2026,6,Tlaxcala,lsibary5b@chronoengine.com,9914257822,,
CuentaD,Harris Cutridge,193,1953,,2663.64,,,29-01-2025,,,,31-12-2026,3,Puebla,hcutridge5c@flickr.com,5345833518,,
CuentaD,Merline Robottom,194,2728,,8091.67,,,28-02-2025,,,,31-12-2026,3,Puebla,mrobottom5d@vkontakte.ru,3284833796,,
CuentaD,Cary Scrase,195,4633,,8675.97,,,24-11-2025,,,,31-12-2026,1,Hidalgo,cscrase5e@behance.net,3158585675,,
CuentaN,Hamish Kither,196,4395,,720.54,,,10-10-2025,,26-07-2025,,,5,Morelos,hkither5f@google.nl,8486640869,DHCR782885MFG,Yakijo
CuentaC,Herc Callf,197,,3490,,6445.42,4761.13,14-10-2025,12-08-2026,,31-12-2026,,6,Tlaxcala,hcallf5g@unicef.org,5979293792,,
CuentaD,Shayne Hutcheson,198,3791,,9703.87,,,14-05-2025,,,,31-12-2026,6,Tlaxcala,shutcheson5h@friendfeed.com,8118757800,,
CuentaD,Currey Ogg,199,3313,,8900.15,,,07-12-2025,,,,31-12-2026,5,Morelos,cogg5i@blinklist.com,6452254927,,
CuentaC,Knox Skuse,200,,5506,,1792.25,1642,11-03-2025,11-05-2026,,31-12-2026,,6,Tlaxcala,kskuse5j@geocities.jp,8282149644,,
CuentaC,Dorree Wray,201,,3118,,2109.6,886,15-09-2025,09-04-2026,,31-12-2026,,1,Hidalgo,dwray5k@edublogs.org,3962871153,,
CuentaN,Rafe Stanley,202,3804,,9384.25,,,17-01-2025,,28-10-2025,,,4,Guerrero,rstanley5l@tinypic.com,6627937399,BUSN888181XHB,Zoomcast
CuentaN,Jere Kenny,203,2983,,5680.62,,,06-04-2025,,23-03-2025,,,4,Guerrero,jkenny5m@bluehost.com,7841875110,EEZK101022SCI,Zoombox
CuentaD,Uriah Baldick,204,953,,7899.62,,,22-01-2025,,,,31-12-2026,1,Hidalgo,ubaldick5n@1und1.de,5058587627,,
CuentaN,Louella Radke,205,3765,,6663.22,,,21-01-2025,,09-06-2025,,,5,Morelos,lradke5o@bloglines.com,9164584299,JXOQ051856CCZ,Meevee
CuentaD,Carlo Olivelli,206,4169,,3329.61,,,05-10-2025,,,,31-12-2026,5,Morelos,colivelli5p@ocn.ne.jp,8679660739,,
CuentaC,Cherin Shakshaft,207,,3895,,7998.34,2388,24-11-2025,17-04-2026,,31-12-2026,,2,Jalisco,cshakshaft5q@tiny.cc,4124335843,,
CuentaC,Alyosha McKevin,208,,8324,,2559.97,2359,07-08-2025,08-05-2026,,31-12-2026,,3,Puebla,amckevin5r@comsenz.com,3151364916,,
CuentaD,Annadiane Corps,209,974,,8599.18,,,12-08-2025,,,,31-12-2026,4,Guerrero,acorps5s@trellian.com,9366238483,,
CuentaN,Cecilio Blacklock,210,4975,,6600.45,,,15-09-2025,,21-07-2025,,,2,Jalisco,cblacklock5t@e-recht24.de,8289450411,FOZR268565VFM,Realblab
CuentaD,Janot Menure,211,4679,,3509.51,,,06-10-2025,,,,31-12-2026,2,Jalisco,jmenure5u@creativecommons.org,6738039115,,
CuentaC,Laure Michiel,212,,8580,,1713.8,81,20-06-2025,02-02-2026,,31-12-2026,,3,Puebla,lmichiel5v@bizjournals.com,8501277453,,
CuentaD,Ilse Cleverley,213,2729,,1793.65,,,16-08-2025,,,,31-12-2026,6,Tlaxcala,icleverley5w@bloglovin.com,6199175368,,
CuentaC,Bendite Snadden,214,,8631,,381.13,115,11-12-2025,29-04-2026,,31-12-2026,,5,Morelos,bsnadden5x@cnn.com,2643695223,,
CuentaD,Anjanette Randalston,215,483,,6283.44,,,24-08-2025,,,,31-12-2026,5,Morelos,arandalston5y@independent.co.uk,3883844439,,
CuentaN,Kayle Kasman,216,455,,6310.29,,,07-11-2025,,30-01-2025,,,4,Guerrero,kkasman5z@omniture.com,4181516133,XRBP554290DAY,Skyndu
CuentaN,Lidia Prewett,217,3254,,4328.15,,,29-06-2025,,28-09-2025,,,5,Morelos,lprewett60@foxnews.com,1852049224,YDQZ637444LWT,Jayo
CuentaD,Joice Crackel,218,1140,,4485.45,,,06-10-2025,,,,31-12-2026,5,Morelos,jcrackel61@example.com,8598240595,,
CuentaN,Iorgos O' Mara,219,2300,,6327.81,,,14-03-2025,,03-11-2025,,,1,Hidalgo,io62@hatena.ne.jp,3636330783,QURD521202UXL,Yakidoo
CuentaC,Saba Dugan,220,,8565,,702.53,240,23-12-2025,29-09-2026,,31-12-2026,,3,Puebla,sdugan63@marriott.com,6091834205,,
CuentaC,Douglass Cammomile,221,,8387,,3662.44,202.67,25-11-2025,24-07-2026,,31-12-2026,,5,Morelos,dcammomile64@telegraph.co.uk,3331611842,,
CuentaD,Ody Heeley,222,2695,,9982.91,,,31-01-2025,,,,31-12-2026,3,Puebla,oheeley65@123-reg.co.uk,3195714727,,
CuentaN,Julietta Keston,223,718,,2215.22,,,01-03-2025,,15-01-2025,,,3,Puebla,jkeston66@technorati.com,3322418763,JBVC828208MBG,Quaxo
CuentaC,Evy Jobb,224,,6352,,8643.07,5948,27-11-2025,04-12-2026,,31-12-2026,,4,Guerrero,ejobb67@google.ru,8827494161,,
CuentaN,Dacia Duff,225,3364,,6458.87,,,23-09-2025,,10-03-2025,,,2,Jalisco,dduff68@vistaprint.com,3022946604,RWGO695982NAR,Eimbee
CuentaD,Gillan Scrivens,226,600,,82.93,,,27-10-2025,,,,31-12-2026,1,Hidalgo,gscrivens69@google.nl,6253573503,,
CuentaN,Nickolai De Vuyst,227,4033,,7385.26,,,04-08-2025,,11-04-2025,,,5,Morelos,nde6a@istockphoto.com,4039973936,CMLQ935617TKC,Thoughtstorm
CuentaN,Henderson Ackrill,228,4888,,2999.27,,,04-03-2025,,30-03-2025,,,1,Hidalgo,hackrill6b@macromedia.com,7249423467,SUFN557708KCK,Babbleset
CuentaD,Jarrod Frays,229,1246,,3283.1,,,01-06-2025,,,,31-12-2026,2,Jalisco,jfrays6c@uol.com.br,4182804753,,
CuentaD,Nomi Weber,230,241,,7522.27,,,04-03-2025,,,,31-12-2026,3,Puebla,nweber6d@bbc.co.uk,3297746654,,
CuentaC,Nial Danett,231,,5959,,9251.26,6415.7,15-03-2025,18-09-2026,,31-12-2026,,3,Puebla,ndanett6e@sina.com.cn,4231187819,,
CuentaC,Boyce Koppen,232,,7728,,9930.34,1396.44,01-11-2025,24-07-2026,,31-12-2026,,2,Jalisco,bkoppen6f@spiegel.de,4043275382,,
CuentaN,Tedmund Kinkaid,233,315,,8488.09,,,02-06-2025,,25-12-2025,,,2,Jalisco,tkinkaid6g@posterous.com,2171485909,DVNU553647SYH,Brainbox
CuentaD,Eileen Aldren,234,498,,2925.89,,,23-08-2025,,,,31-12-2026,6,Tlaxcala,ealdren6h@globo.com,6869260710,,
CuentaC,Bevan Vause,235,,4377,,9162.25,3965.67,24-05-2025,10-02-2026,,31-12-2026,,4,Guerrero,bvause6i@friendfeed.com,2975884628,,
CuentaD,Frasier Belderson,236,3945,,8604.22,,,18-06-2025,,,,31-12-2026,6,Tlaxcala,fbelderson6j@nifty.com,2416880822,,
CuentaN,Ladonna Wattisham,237,4114,,2655.25,,,10-08-2025,,18-11-2025,,,5,Morelos,lwattisham6k@amazonaws.com,1777182966,WJCR929458AIL,Ainyx
CuentaC,Melina Seleway,238,,6072,,3661.52,2494,12-06-2025,07-05-2026,,31-12-2026,,4,Guerrero,mseleway6l@google.cn,7759778605,,
CuentaC,Shanie Edward,239,,8204,,3347.83,2858,16-01-2025,27-07-2026,,31-12-2026,,5,Morelos,sedward6m@icio.us,1508131443,,
CuentaD,Amabelle Tire,240,3949,,4609.68,,,14-06-2025,,,,31-12-2026,6,Tlaxcala,atire6n@apache.org,6901430527,,
CuentaN,Melli Hemerijk,241,3381,,5521.66,,,08-05-2025,,14-05-2025,,,6,Tlaxcala,mhemerijk6o@xing.com,4099620359,CMVV586747FLR,Brainbox
CuentaN,Julissa Farnan,242,2628,,5134.2,,,04-05-2025,,18-11-2025,,,1,Hidalgo,jfarnan6p@vkontakte.ru,3328260780,ZZBI858554LVT,Thoughtsphere
CuentaC,Alister Rennock,243,,6431,,66.55,65,24-05-2025,24-01-2026,,31-12-2026,,2,Jalisco,arennock6q@home.pl,4104547113,,
CuentaN,Tamera Eggleston,244,1313,,1349.94,,,01-08-2025,,14-01-2025,,,3,Puebla,teggleston6r@vistaprint.com,6058334418,WDCK778195QGY,Fivespan
CuentaD,Fanechka Duggleby,245,1130,,8487.5,,,20-03-2025,,,,31-12-2026,5,Morelos,fduggleby6s@sogou.com,1483381142,,
CuentaD,Audre Gowenlock,246,2736,,7769.89,,,11-10-2025,,,,31-12-2026,6,Tlaxcala,agowenlock6t@ucla.edu,7511541999,,
CuentaC,Suellen Hobell,247,,7668,,8158.4,4567.21,24-05-2025,27-12-2026,,31-12-2026,,4,Guerrero,shobell6u@google.de,3025001146,,
CuentaN,Ulrika Cavee,248,138,,6772.46,,,11-08-2025,,12-08-2025,,,3,Puebla,ucavee6v@nationalgeographic.com,9273617815,AFIG172617XSH,Edgewire
CuentaN,Nancee De Hailes,249,2152,,3618.14,,,24-11-2025,,12-08-2025,,,5,Morelos,nde6w@arstechnica.com,4589858351,EQHU987213KBO,Pixope
CuentaN,Northrup Curle,250,2603,,9599.76,,,20-06-2025,,18-01-2025,,,1,Hidalgo,ncurle6x@tumblr.com,8012047968,WXJV133564AID,Skyndu
CuentaC,Alvan Buckleigh,251,,1826,,9053.02,2258,05-03-2025,25-09-2026,,31-12-2026,,1,Hidalgo,abuckleigh6y@indiegogo.com,9111028235,,
CuentaD,Zorine Gawn,252,4844,,790.77,,,09-04-2025,,,,31-12-2026,4,Guerrero,zgawn6z@youtube.com,7835175454,,
CuentaD,Malanie Kull,253,2993,,874.21,,,06-01-2025,,,,31-12-2026,5,Morelos,mkull70@archive.org,2136804647,,
CuentaC,Rich Jacombs,254,,2546,,4808.82,4663.07,20-12-2025,13-01-2026,,31-12-2026,,3,Puebla,rjacombs71@foxnews.com,3385130565,,
CuentaD,Kory Gammade,255,2113,,3985.93,,,11-05-2025,,,,31-12-2026,3,Puebla,kgammade72@latimes.com,8236519526,,
CuentaD,Abigale Janovsky,256,1357,,2035.46,,,11-04-2025,,,,31-12-2026,5,Morelos,ajanovsky73@army.mil,6177610271,,
CuentaC,Brantley Olliver,257,,9074,,9804.57,7157.04,16-12-2025,05-08-2026,,31-12-2026,,6,Tlaxcala,bolliver74@friendfeed.com,9416536450,,
CuentaC,Fraser Nary,258,,6465,,2957.29,150,12-09-2025,28-06-2026,,31-12-2026,,3,Puebla,fnary75@howstuffworks.com,8231314374,,
CuentaN,Chastity Dray,259,4246,,2454.29,,,09-10-2025,,30-06-2025,,,4,Guerrero,cdray76@123-reg.co.uk,7709627711,BFGE843092ECM,Oyondu
CuentaC,Amerigo Exeter,260,,4080,,7403.26,1236.45,01-04-2025,03-02-2026,,31-12-2026,,2,Jalisco,aexeter77@about.com,5135529487,,
CuentaC,Candice Brookes,261,,9546,,4446.86,3217,04-03-2025,15-07-2026,,31-12-2026,,1,Hidalgo,cbrookes78@walmart.com,1105389000,,
CuentaD,Saraann Gawthrope,262,4125,,2754.51,,,03-12-2025,,,,31-12-2026,6,Tlaxcala,sgawthrope79@cnbc.com,5056849535,,
CuentaN,Joel Coulthart,263,1159,,6013.9,,,29-08-2025,,06-06-2025,,,2,Jalisco,jcoulthart7a@epa.gov,4469978636,PUPQ795229IST,Eidel
CuentaD,Danell Tawse,264,4164,,2311.9,,,11-06-2025,,,,31-12-2026,1,Hidalgo,dtawse7b@gizmodo.com,3757404548,,
CuentaN,Ferdinande Attenborrow,265,1197,,1681.31,,,08-11-2025,,27-05-2025,,,1,Hidalgo,fattenborrow7c@miitbeian.gov.cn,4538168210,AXCQ368420IPY,Muxo
CuentaD,Danella Isson,266,3519,,5405.97,,,07-08-2025,,,,31-12-2026,5,Morelos,disson7d@prnewswire.com,9133933339,,
CuentaD,Claudetta Prew,267,2330,,1309.82,,,01-07-2025,,,,31-12-2026,3,Puebla,cprew7e@huffingtonpost.com,5251145317,,
CuentaC,Tiffany Knaggs,268,,6140,,6827.71,5535,16-03-2025,03-11-2026,,31-12-2026,,5,Morelos,tknaggs7f@businesswire.com,8086469110,,
CuentaD,Lucias Daintith,269,1495,,1824.38,,,16-01-2025,,,,31-12-2026,2,Jalisco,ldaintith7g@theatlantic.com,5827334659,,
CuentaD,Mervin Cluatt,270,529,,7018.33,,,08-10-2025,,,,31-12-2026,4,Guerrero,mcluatt7h@bloglines.com,3716631735,,
CuentaC,Vail Stubbeley,271,,2932,,1059.58,913,21-05-2025,24-01-2026,,31-12-2026,,2,Jalisco,vstubbeley7i@creativecommons.org,6934167966,,
CuentaC,Jeni Muehler,272,,4564,,9114.64,4899.81,09-11-2025,25-10-2026,,31-12-2026,,1,Hidalgo,jmuehler7j@exblog.jp,9002796815,,
CuentaN,Meade Mottinelli,273,1731,,2818.75,,,01-08-2025,,22-04-2025,,,3,Puebla,mmottinelli7k@homestead.com,5566429892,JPIA560016YDX,Yakitri
CuentaD,Rab Lovemore,274,2741,,7361.76,,,14-12-2025,,,,31-12-2026,1,Hidalgo,rlovemore7l@microsoft.com,7073134985,,
CuentaN,Cassius Hinkins,275,2171,,5226.66,,,25-05-2025,,19-09-2025,,,1,Hidalgo,chinkins7m@usnews.com,4151596853,MKID775838ZED,JumpXS
CuentaD,Erinn Stoffers,276,3679,,3069.68,,,19-07-2025,,,,31-12-2026,2,Jalisco,estoffers7n@marketwatch.com,6577668044,,
CuentaN,Erminie Kiddye,277,2924,,3151.35,,,22-09-2025,,02-09-2025,,,5,Morelos,ekiddye7o@nasa.gov,8508871385,FTYA089137XAM,Roombo
CuentaC,Sharlene Yuille,278,,3575,,5326.61,1254.52,08-09-2025,04-03-2026,,31-12-2026,,1,Hidalgo,syuille7p@feedburner.com,6088091982,,
CuentaD,Gerri Cubbit,279,2591,,4992.8,,,15-05-2025,,,,31-12-2026,3,Puebla,gcubbit7q@arizona.edu,1723573363,,
CuentaD,Godfrey Trousdell,280,1899,,3351.33,,,12-06-2025,,,,31-12-2026,1,Hidalgo,gtrousdell7r@yale.edu,9473093748,,
CuentaD,Mame Tansill,281,1057,,8676.27,,,06-05-2025,,,,31-12-2026,2,Jalisco,mtansill7s@weibo.com,3348848100,,
CuentaC,Tudor Rugiero,282,,6516,,1067.65,398.38,20-08-2025,17-03-2026,,31-12-2026,,5,Morelos,trugiero7t@ustream.tv,5675176272,,
CuentaN,Abby Stoneley,283,843,,9155.95,,,06-08-2025,,13-09-2025,,,3,Puebla,astoneley7u@cdbaby.com,9247174935,WROM721406ACA,Devcast
CuentaC,Ferrel Le Sieur,284,,9803,,9377.51,7844.71,03-08-2025,27-06-2026,,31-12-2026,,3,Puebla,fle7v@live.com,7875899463,,
CuentaD,Malinde Ridley,285,812,,2623.95,,,09-07-2025,,,,31-12-2026,4,Guerrero,mridley7w@gnu.org,7757661216,,
CuentaN,Chucho Silversmid,286,452,,9274.88,,,27-10-2025,,17-12-2025,,,3,Puebla,csilversmid7x@irs.gov,9179205346,OMSR450480TNG,Jaxworks
CuentaC,Percival Aberchirder,287,,9843,,6767.71,4347.24,21-10-2025,07-01-2026,,31-12-2026,,1,Hidalgo,paberchirder7y@bbc.co.uk,5652752127,,
CuentaC,Glenden Sporton,288,,4304,,8014.72,1999,31-10-2025,29-11-2026,,31-12-2026,,2,Jalisco,gsporton7z@123-reg.co.uk,5703077637,,
CuentaN,Cherey Crowdson,289,4490,,7226.95,,,28-05-2025,,21-02-2025,,,6,Tlaxcala,ccrowdson80@imageshack.us,8717772888,NBNK318259NTU,Meevee
CuentaD,Enrica Mercer,290,4445,,5260.22,,,18-04-2025,,,,31-12-2026,1,Hidalgo,emercer81@canalblog.com,6156164622,,
CuentaD,Flo Bacup,291,4275,,2270.03,,,03-04-2025,,,,31-12-2026,3,Puebla,fbacup82@theguardian.com,7721846847,,
CuentaC,Cristie Vondruska,292,,5838,,7821.76,3247.36,02-12-2025,21-02-2026,,31-12-2026,,6,Tlaxcala,cvondruska83@slashdot.org,3161873215,,
CuentaD,Alaric Vassar,293,2208,,8978.6,,,12-01-2025,,,,31-12-2026,4,Guerrero,avassar84@parallels.com,6522078877,,
CuentaC,Redford Gebhard,294,,2553,,9233.64,3830.11,06-02-2025,14-05-2026,,31-12-2026,,6,Tlaxcala,rgebhard85@scribd.com,5274379740,,
CuentaC,Bil Wingeat,295,,8197,,7322.93,2585.7,23-09-2025,24-03-2026,,31-12-2026,,6,Tlaxcala,bwingeat86@amazon.com,2279397638,,
CuentaD,Stanfield Ryce,296,3231,,7020.86,,,06-09-2025,,,,31-12-2026,6,Tlaxcala,sryce87@freewebs.com,3699778347,,
CuentaD,Luella Reynish,297,1705,,26.6,,,12-11-2025,,,,31-12-2026,2,Jalisco,lreynish88@zimbio.com,1029451811,,
CuentaN,Rochella Sinnott,298,3708,,9247.07,,,10-06-2025,,21-05-2025,,,6,Tlaxcala,rsinnott89@dailymail.co.uk,4186622746,LICH602308OTS,Linktype
CuentaD,Horton Aburrow,299,4051,,8899.28,,,04-04-2025,,,,31-12-2026,2,Jalisco,haburrow8a@plala.or.jp,8951935125,,
CuentaN,Richmond Rizzello,300,2511,,6230.25,,,25-12-2025,,05-10-2025,,,3,Puebla,rrizzello8b@bing.com,8147261887,ETSF393497IVW,Mynte
CuentaD,Crin McGuffie,301,4837,,1287.6,,,06-06-2025,,,,31-12-2026,3,Puebla,cmcguffie8c@icio.us,6891585201,,
CuentaD,Layne Whiteoak,302,2423,,8492.79,,,28-06-2025,,,,31-12-2026,3,Puebla,lwhiteoak8d@examiner.com,9804959339,,
CuentaN,Brodie Eddowes,303,1555,,5652.53,,,06-05-2025,,12-09-2025,,,5,Morelos,beddowes8e@wired.com,6126229383,KXXT631399NRK,Twimm
CuentaC,Cinderella Ekless,304,,4475,,1411.23,24,11-05-2025,17-08-2026,,31-12-2026,,5,Morelos,cekless8f@oracle.com,8471908912,,
CuentaD,Dionis Melburg,305,2978,,2340.98,,,21-05-2025,,,,31-12-2026,3,Puebla,dmelburg8g@nymag.com,9104396289,,
CuentaC,Anallise Titlow,306,,1428,,2630.51,224,09-06-2025,24-10-2026,,31-12-2026,,2,Jalisco,atitlow8h@addtoany.com,1282303045,,
CuentaD,Emilie Fritschel,307,465,,5610.33,,,06-06-2025,,,,31-12-2026,4,Guerrero,efritschel8i@nature.com,1786896634,,
CuentaC,Dixie Landsborough,308,,2969,,420.3,166,18-10-2025,21-02-2026,,31-12-2026,,4,Guerrero,dlandsborough8j@pinterest.com,9267347000,,
CuentaC,Randie Kienzle,309,,5882,,7774.4,5649.09,18-05-2025,16-04-2026,,31-12-2026,,2,Jalisco,rkienzle8k@chronoengine.com,2982041494,,
CuentaC,Carie Fazackerley,310,,6312,,3703.18,1127,07-11-2025,12-08-2026,,31-12-2026,,2,Jalisco,cfazackerley8l@usda.gov,8218204372,,
CuentaC,Rowney Brawson,311,,3728,,2793.09,1038,03-11-2025,25-07-2026,,31-12-2026,,4,Guerrero,rbrawson8m@archive.org,6474533629,,
CuentaC,Erv Glowinski,312,,3979,,3190.0,2295,03-01-2025,31-07-2026,,31-12-2026,,1,Hidalgo,eglowinski8n@illinois.edu,7201684623,,
CuentaN,Keefe Cockram,313,368,,4970.97,,,01-10-2025,,06-09-2025,,,4,Guerrero,kcockram8o@studiopress.com,2297696962,BBEV662279DTL,Tagchat
CuentaN,Cos Muscat,314,3290,,3307.45,,,21-11-2025,,16-01-2025,,,1,Hidalgo,cmuscat8p@nps.gov,3328341051,IPCF531567STO,Talane
CuentaC,Josselyn Blanden,315,,7352,,4685.15,2115.85,29-07-2025,01-02-2026,,31-12-2026,,5,Morelos,jblanden8q@lulu.com,5508645297,,
CuentaC,Sophia Sandell,316,,6030,,1866.21,1521,05-11-2025,20-09-2026,,31-12-2026,,1,Hidalgo,ssandell8r@webnode.com,8029143528,,
CuentaN,Kalli Nashe,317,795,,4052.81,,,05-04-2025,,09-07-2025,,,5,Morelos,knashe8s@nbcnews.com,3613426831,MIVR137442MRX,Jamia
CuentaD,Ferne Warrender,318,4083,,1234.4,,,15-05-2025,,,,31-12-2026,3,Puebla,fwarrender8t@sbwire.com,5188980863,,
CuentaD,Aloisia Barrowcliffe,319,1332,,1258.04,,,06-07-2025,,,,31-12-2026,6,Tlaxcala,abarrowcliffe8u@cbc.ca,3754424545,,
CuentaN,Roddie Vernalls,320,4764,,865.59,,,15-09-2025,,20-03-2025,,,3,Puebla,rvernalls8v@paginegialle.it,8333077083,LFQO834612JTV,Realbuzz
CuentaD,Dorian Hartshorn,321,4734,,8196.86,,,29-12-2025,,,,31-12-2026,3,Puebla,dhartshorn8w@csmonitor.com,9844657227,,
CuentaD,Brennen Vaudin,322,4997,,5190.26,,,01-12-2025,,,,31-12-2026,4,Guerrero,bvaudin8x@alibaba.com,6131361981,,
CuentaC,Johnathon Draycott,323,,8994,,2743.94,1309,24-06-2025,07-11-2026,,31-12-2026,,5,Morelos,jdraycott8y@jimdo.com,3594167755,,
CuentaC,Debi Jovic,324,,4388,,1700.14,203,23-12-2025,23-11-2026,,31-12-2026,,4,Guerrero,djovic8z@is.gd,2298611262,,
CuentaN,Ches Armistead,325,4895,,4005.93,,,23-01-2025,,21-12-2025,,,2,Jalisco,carmistead90@addthis.com,9651593685,LUNM656916PDO,Yakidoo
CuentaN,Osmond Cadd,326,3972,,3792.9,,,24-09-2025,,18-10-2025,,,1,Hidalgo,ocadd91@arstechnica.com,9358480736,COLQ894432MAT,Buzzshare
CuentaC,Carlyle Paoletti,327,,8771,,2389.22,778.31,07-02-2025,02-10-2026,,31-12-2026,,1,Hidalgo,cpaoletti92@moonfruit.com,4245003335,,
CuentaD,Chelsie Innwood,328,4104,,2664.6,,,24-07-2025,,,,31-12-2026,2,Jalisco,cinnwood93@taobao.com,7868348554,,
CuentaN,Genia Bahlmann,329,2690,,1014.81,,,19-01-2025,,01-10-2025,,,4,Guerrero,gbahlmann94@123-reg.co.uk,6513908273,CURN821971ZEM,Eabox
CuentaN,Boycie Pelchat,330,2498,,5391.84,,,06-05-2025,,15-08-2025,,,2,Jalisco,bpelchat95@nhs.uk,1611363887,USEI845364BGL,Oodoo
CuentaN,Shelby Sheard,331,3335,,1628.68,,,10-02-2025,,08-06-2025,,,2,Jalisco,ssheard96@imageshack.us,9444070416,WTDF250296FFE,Divape
CuentaC,Billie Mouatt,332,,8192,,3554.58,757,30-09-2025,25-02-2026,,31-12-2026,,5,Morelos,bmouatt97@mozilla.com,9633957669,,
CuentaN,Lorelei Naptin,333,1391,,6272.78,,,25-12-2025,,19-04-2025,,,3,Puebla,lnaptin98@feedburner.com,1327833702,UTXJ152689TCD,Nlounge
CuentaD,Joelly Ingledew,334,4358,,7770.56,,,07-01-2025,,,,31-12-2026,3,Puebla,jingledew99@nps.gov,7757108696,,
CuentaD,Lynn Briar,335,3896,,4306.93,,,25-07-2025,,,,31-12-2026,5,Morelos,lbriar9a@arizona.edu,6551686749,,
CuentaD,Burton Garmston,336,3161,,6369.48,,,31-07-2025,,,,31-12-2026,3,Puebla,bgarmston9b@dell.com,8395844628,,
CuentaD,Shannah Edeler,337,801,,8181.38,,,24-01-2025,,,,31-12-2026,4,Guerrero,sedeler9c@bing.com,2111889807,,
CuentaC,Kassie Kingsnoad,338,,1605,,4138.25,1532,21-03-2025,27-12-2026,,31-12-2026,,5,Morelos,kkingsnoad9d@naver.com,2525286446,,
CuentaN,Charmine MacNally,339,1881,,5351.85,,,16-03-2025,,27-12-2025,,,5,Morelos,cmacnally9e@people.com.cn,1701824600,GWGP497644RRM,Pixonyx
CuentaN,Tanner Clowsley,340,1925,,2610.77,,,19-09-2025,,21-04-2025,,,6,Tlaxcala,tclowsley9f@macromedia.com,3665537083,EHQL642964EFX,Wikizz
CuentaD,Tova Blumer,341,2451,,984.79,,,27-02-2025,,,,31-12-2026,4,Guerrero,tblumer9g@stanford.edu,4738451471,,
CuentaC,Ilaire Orwell,342,,4319,,8535.77,6311.38,25-07-2025,10-10-2026,,31-12-2026,,3,Puebla,iorwell9h@hibu.com,6423562539,,
CuentaC,Rickey Pardoe,343,,5794,,9880.99,6541.71,24-12-2025,25-05-2026,,31-12-2026,,4,Guerrero,rpardoe9i@gov.uk,1505254883,,
CuentaC,Wells Chadney,344,,5130,,5056.56,1832.27,28-02-2025,21-05-2026,,31-12-2026,,6,Tlaxcala,wchadney9j@alexa.com,7452029297,,
CuentaN,Renault Hourstan,345,1413,,4652.48,,,21-09-2025,,11-09-2025,,,1,Hidalgo,rhourstan9k@dell.com,3743308263,JKCA354371EAB,Lazz
CuentaN,Roze Bowcock,346,3228,,5405.33,,,23-09-2025,,14-08-2025,,,5,Morelos,rbowcock9l@independent.co.uk,2747616218,RPKL004895HXN,Demimbu
CuentaC,Tildie MacAndrew,347,,1395,,6406.94,4529.56,17-04-2025,20-08-2026,,31-12-2026,,6,Tlaxcala,tmacandrew9m@rambler.ru,5065649113,,
CuentaD,Kenton Goozee,348,994,,299.01,,,03-03-2025,,,,31-12-2026,3,Puebla,kgoozee9n@fotki.com,4596260467,,
CuentaD,Barbara-anne Langrish,349,328,,3477.27,,,17-08-2025,,,,31-12-2026,2,Jalisco,blangrish9o@bing.com,2832259018,,
CuentaC,Ferdinand Thrift,350,,1960,,2114.18,2110,18-03-2025,01-11-2026,,31-12-2026,,5,Morelos,fthrift9p@alibaba.com,3747267404,,
CuentaN,Amandy Furman,351,4341,,8981.89,,,13-06-2025,,20-03-2025,,,6,Tlaxcala,afurman9q@va.gov,3685811690,PXZR088341ADL,Fivechat
CuentaC,Pepe Stathers,352,,5004,,1175.81,83,03-02-2025,25-02-2026,,31-12-2026,,4,Guerrero,pstathers9r@berkeley.edu,7853450581,,
CuentaC,Yolanthe Iglesia,353,,4204,,685.1,389,27-05-2025,18-10-2026,,31-12-2026,,1,Hidalgo,yiglesia9s@mit.edu,3781460500,,
CuentaD,Sheila-kathryn Lyste,354,3782,,4668.23,,,07-07-2025,,,,31-12-2026,4,Guerrero,slyste9t@cdbaby.com,9042345103,,
CuentaN,Chrissie Beauchop,355,4853,,3621.23,,,13-08-2025,,28-08-2025,,,3,Puebla,cbeauchop9u@biglobe.ne.jp,5551315476,STLF545138KJV,Jabberbean
CuentaN,Lowrance Lappine,356,2174,,7127.58,,,12-10-2025,,03-06-2025,,,2,Jalisco,llappine9v@google.it,4568216730,LSGR355658ZCV,Mycat
CuentaN,Griffin Duggen,357,4981,,4710.96,,,06-02-2025,,08-06-2025,,,5,Morelos,gduggen9w@comsenz.com,2534125468,NBXP071425EGO,Meejo
CuentaD,Alvin Girton,358,4317,,5716.04,,,02-05-2025,,,,31-12-2026,1,Hidalgo,agirton9x@mediafire.com,3781147548,,
CuentaD,Chariot Yukhnini,359,3683,,1906.33,,,09-06-2025,,,,31-12-2026,1,Hidalgo,cyukhnini9y@sohu.com,2388152390,,
CuentaN,Joannes O'Cridigan,360,1658,,6291.31,,,19-11-2025,,31-08-2025,,,4,Guerrero,jocridigan9z@oakley.com,8261820683,RGVJ629319AVA,DabZ
CuentaD,Niel Dufer,361,4371,,8959.27,,,02-10-2025,,,,31-12-2026,6,Tlaxcala,ndufera0@bravesites.com,7334973102,,
CuentaC,Birch Kalinowsky,362,,4236,,9785.35,8815.09,27-03-2025,13-05-2026,,31-12-2026,,4,Guerrero,bkalinowskya1@list-manage.com,7394133265,,
CuentaD,Pete Peabody,363,3373,,9135.74,,,24-10-2025,,,,31-12-2026,2,Jalisco,ppeabodya2@posterous.com,2227742995,,
CuentaC,Claire Cicchelli,364,,9897,,7782.19,1172,01-10-2025,30-06-2026,,31-12-2026,,4,Guerrero,ccicchellia3@amazon.co.jp,2441780853,,
CuentaN,Shelton Bontine,365,2538,,8926.8,,,17-06-2025,,03-10-2025,,,6,Tlaxcala,sbontinea4@usa.gov,3733011198,PCBR986158WSA,Skyvu
CuentaC,Dick Solman,366,,1167,,1100.27,100,06-10-2025,02-03-2026,,31-12-2026,,3,Puebla,dsolmana5@cargocollective.com,9617538876,,
CuentaN,Blinni Taberner,367,4435,,52.22,,,11-05-2025,,29-11-2025,,,1,Hidalgo,btabernera6@meetup.com,4275870025,ZCBX157486TDM,JumpXS
CuentaN,Arabelle Winear,368,3118,,4559.83,,,26-09-2025,,27-09-2025,,,1,Hidalgo,awineara7@paypal.com,9347283306,FLJG891205GEY,Yakijo
CuentaD,Reina Hankard,369,2340,,2837.42,,,23-01-2025,,,,31-12-2026,1,Hidalgo,rhankarda8@yellowpages.com,9888561866,,
CuentaN,Dorris Lean,370,4579,,9947.72,,,15-09-2025,,15-10-2025,,,1,Hidalgo,dleana9@unblog.fr,6306013088,BGHM531458KKF,Zoonoodle
CuentaC,Charlena Loughrey,371,,7207,,1958.14,572,18-12-2025,26-09-2026,,31-12-2026,,5,Morelos,cloughreyaa@prweb.com,8872965167,,
CuentaN,Madge Martinot,372,166,,4258.44,,,07-08-2025,,30-01-2025,,,6,Tlaxcala,mmartinotab@chicagotribune.com,8614114838,HKUN631839IGM,Livefish
CuentaC,Nan Regus,373,,3052,,9547.91,4878.29,23-09-2025,24-12-2026,,31-12-2026,,4,Guerrero,nregusac@networksolutions.com,9827315301,,
CuentaC,Cordy Autie,374,,7306,,6899.01,6362.99,30-07-2025,08-03-2026,,31-12-2026,,5,Morelos,cautiead@symantec.com,6362677398,,
CuentaD,Hamid Bernadon,375,366,,4926.85,,,02-09-2025,,,,31-12-2026,4,Guerrero,hbernadonae@360.cn,8675104376,,
CuentaD,Loraine Izkovicz,376,582,,2183.2,,,07-03-2025,,,,31-12-2026,3,Puebla,lizkoviczaf@a8.net,5423494221,,
CuentaN,Jabez Buxcy,377,4745,,8967.31,,,25-11-2025,,24-06-2025,,,6,Tlaxcala,jbuxcyag@naver.com,6811988543,TQEX956930ISG,Devpulse
CuentaD,Ardyce Gault,378,4178,,9901.22,,,20-01-2025,,,,31-12-2026,4,Guerrero,agaultah@goodreads.com,5996262349,,
CuentaD,Janeva Breddy,379,224,,3151.04,,,03-03-2025,,,,31-12-2026,6,Tlaxcala,jbreddyai@reverbnation.com,5078896923,,
CuentaC,Davon Milliken,380,,2642,,5714.49,1298.4,06-06-2025,24-12-2026,,31-12-2026,,1,Hidalgo,dmillikenaj@goo.gl,5924971315,,
CuentaC,Stephi Bonifazio,381,,3183,,3030.29,2041,17-08-2025,13-10-2026,,31-12-2026,,6,Tlaxcala,sbonifazioak@telegraph.co.uk,2924249983,,
CuentaN,Iago Rizzotto,382,1008,,6793.67,,,10-12-2025,,14-09-2025,,,1,Hidalgo,irizzottoal@jalbum.net,9377450762,DCMT087806PEZ,Riffpedia
CuentaC,Nicolai Smeeth,383,,1540,,877.72,501.49,22-03-2025,26-05-2026,,31-12-2026,,5,Morelos,nsmeetham@redcross.org,9876554241,,
CuentaC,Sonnnie Petroff,384,,7750,,3314.94,1807.67,29-09-2025,26-10-2026,,31-12-2026,,3,Puebla,spetroffan@nba.com,6482242963,,
CuentaC,Samantha Ashton,385,,3248,,3177.18,2777.95,23-08-2025,28-04-2026,,31-12-2026,,4,Guerrero,sashtonao@1und1.de,3073313007,,
CuentaC,Benjie Lowthorpe,386,,9963,,8586.95,7889.51,25-10-2025,04-06-2026,,31-12-2026,,5,Morelos,blowthorpeap@mac.com,3803514334,,
CuentaN,Inglebert Bevis,387,2979,,3294.72,,,11-08-2025,,14-06-2025,,,6,Tlaxcala,ibevisaq@springer.com,7712354200,GTPH746806SCO,Avavee
CuentaN,Alley Martugin,388,1379,,3970.53,,,09-09-2025,,04-10-2025,,,2,Jalisco,amartuginar@mac.com,4491462208,FXSG949368VXS,Avamm
CuentaC,Austen Isles,389,,3051,,2888.07,472,17-01-2025,15-07-2026,,31-12-2026,,2,Jalisco,aislesas@biblegateway.com,2116124931,,
CuentaD,Demetri Murgatroyd,390,3815,,5372.62,,,27-06-2025,,,,31-12-2026,3,Puebla,dmurgatroydat@storify.com,8981339010,,
CuentaC,Maudie Northam,391,,6652,,810.4,304,03-08-2025,02-01-2026,,31-12-2026,,3,Puebla,mnorthamau@purevolume.com,8433579829,,
CuentaC,Calla Hammett,392,,9079,,2119.88,1074,12-06-2025,04-10-2026,,31-12-2026,,2,Jalisco,chammettav@thetimes.co.uk,1478684470,,
CuentaC,Jeremy Kirke,393,,4486,,8579.58,2537.62,21-11-2025,24-04-2026,,31-12-2026,,3,Puebla,jkirkeaw@booking.com,9636539181,,
CuentaD,Aeriell Bulfield,394,2471,,4026.38,,,24-08-2025,,,,31-12-2026,3,Puebla,abulfieldax@soundcloud.com,7033032386,,
CuentaD,Mitzi Halkyard,395,2188,,6884.47,,,14-10-2025,,,,31-12-2026,6,Tlaxcala,mhalkyarday@buzzfeed.com,7364746172,,
CuentaD,Eveline Auletta,396,488,,3785.37,,,24-10-2025,,,,31-12-2026,5,Morelos,eaulettaaz@g.co,2523530477,,
CuentaD,Hedi Gniewosz,397,748,,5572.42,,,25-10-2025,,,,31-12-2026,4,Guerrero,hgniewoszb0@businessinsider.com,6553564356,,
CuentaD,Cart Bentje,398,3937,,9938.14,,,13-04-2025,,,,31-12-2026,5,Morelos,cbentjeb1@squidoo.com,3673568044,,
CuentaN,Cherilyn Vallentine,399,2220,,3628.77,,,20-11-2025,,18-02-2025,,,2,Jalisco,cvallentineb2@scribd.com,3809947910,QTBB790705RJT,Bubbletube
CuentaC,Kippy Maric,400,,7634,,4607.16,2172,01-12-2025,13-04-2026,,31-12-2026,,5,Morelos,kmaricb3@psu.edu,8093092120,,
CuentaD,Georgina Le Brun,401,4507,,3309.18,,,13-05-2025,,,,31-12-2026,2,Jalisco,gleb4@bloglines.com,1794020351,,
CuentaN,Geneva Kelle,402,386,,4867.73,,,27-12-2025,,03-11-2025,,,5,Morelos,gkelleb5@wiley.com,5652805284,DLSQ379649ZGI,Blogspan
CuentaD,Lamond Marrows,403,581,,9621.13,,,10-04-2025,,,,31-12-2026,2,Jalisco,lmarrowsb6@ebay.co.uk,4897918188,,
CuentaD,Skipp McGriele,404,2869,,688.85,,,30-01-2025,,,,31-12-2026,3,Puebla,smcgrieleb7@webs.com,4284291126,,
CuentaN,Oliviero Lavigne,405,1676,,4748.41,,,15-11-2025,,23-01-2025,,,6,Tlaxcala,olavigneb8@nba.com,4474491002,RBFV515897PJG,Voolith
CuentaN,Mathilde Foltin,406,154,,3638.44,,,23-03-2025,,25-09-2025,,,1,Hidalgo,mfoltinb9@acquirethisname.com,4466958370,ZDCE320659ZDP,Photojam
CuentaC,Nessi Kiessel,407,,8477,,6156.7,1170,10-04-2025,19-04-2026,,31-12-2026,,2,Jalisco,nkiesselba@foxnews.com,7957877133,,
CuentaD,Vidovic Wittey,408,4097,,6131.44,,,26-04-2025,,,,31-12-2026,3,Puebla,vwitteybb@sitemeter.com,3254707470,,
CuentaD,Gibbie Beeching,409,393,,806.6,,,03-08-2025,,,,31-12-2026,6,Tlaxcala,gbeechingbc@xing.com,9367063443,,
CuentaC,Daryle Vasilenko,410,,5117,,4430.04,3881.41,25-03-2025,14-12-2026,,31-12-2026,,2,Jalisco,dvasilenkobd@quantcast.com,9457552100,,
CuentaC,Archer Jenckes,411,,2104,,5213.48,4514,20-04-2025,28-01-2026,,31-12-2026,,3,Puebla,ajenckesbe@indiegogo.com,7411980037,,
CuentaN,Ryann Spicer,412,1861,,941.45,,,27-06-2025,,27-04-2025,,,3,Puebla,rspicerbf@sciencedirect.com,9681188838,TYXT214931AYA,Skipfire
CuentaC,Reg Vockins,413,,5471,,7970.62,2778.74,07-10-2025,22-05-2026,,31-12-2026,,6,Tlaxcala,rvockinsbg@unc.edu,5528182354,,
CuentaN,Urban O'Caherny,414,4413,,1451.28,,,10-03-2025,,08-04-2025,,,2,Jalisco,uocahernybh@com.com,3491779061,NVRD454792MNA,Brainverse
CuentaD,Aguste Schulze,415,1074,,799.75,,,19-12-2025,,,,31-12-2026,2,Jalisco,aschulzebi@engadget.com,6585028918,,
CuentaN,Birgit Stanners,416,806,,5043.94,,,18-06-2025,,23-12-2025,,,5,Morelos,bstannersbj@ycombinator.com,9378929406,QNLH225198ICR,Linkbridge
CuentaC,Anet Tatlow,417,,9082,,1850.71,425,11-01-2025,22-10-2026,,31-12-2026,,4,Guerrero,atatlowbk@posterous.com,5596379926,,
CuentaD,Liza Quince,418,4663,,5066.53,,,29-04-2025,,,,31-12-2026,3,Puebla,lquincebl@51.la,4127937042,,
CuentaD,Ron Sculpher,419,147,,5944.22,,,20-10-2025,,,,31-12-2026,6,Tlaxcala,rsculpherbm@facebook.com,9853012751,,
CuentaD,Boony Gianuzzi,420,1384,,2967.47,,,04-03-2025,,,,31-12-2026,6,Tlaxcala,bgianuzzibn@elegantthemes.com,6515877171,,
CuentaN,Aimil Craigmyle,421,1255,,3829.01,,,23-05-2025,,19-02-2025,,,5,Morelos,acraigmylebo@techcrunch.com,2623325232,MHQE871949YPR,Ailane
CuentaD,Amanda Clayden,422,4954,,7094.9,,,01-09-2025,,,,31-12-2026,3,Puebla,aclaydenbp@unicef.org,6957046521,,
CuentaD,Lombard Sheryn,423,2891,,1176.36,,,12-07-2025,,,,31-12-2026,5,Morelos,lsherynbq@geocities.com,3715409621,,
CuentaN,Melissa Osbidston,424,4926,,774.62,,,19-08-2025,,03-10-2025,,,5,Morelos,mosbidstonbr@ebay.co.uk,9152267151,KFBM943978MRQ,Quinu
CuentaC,Mallory Braley,425,,8379,,6384.93,829,13-02-2025,04-06-2026,,31-12-2026,,1,Hidalgo,mbraleybs@nih.gov,2376015019,,
CuentaD,Ranice Kolodziej,426,1955,,7404.55,,,24-07-2025,,,,31-12-2026,5,Morelos,rkolodziejbt@sbwire.com,8863977862,,
CuentaD,Robbin Tatershall,427,4249,,9516.64,,,04-01-2025,,,,31-12-2026,4,Guerrero,rtatershallbu@icq.com,8589237829,,
CuentaC,York Pinson,428,,4132,,2139.63,1836,14-09-2025,09-05-2026,,31-12-2026,,4,Guerrero,ypinsonbv@vinaora.com,6042792572,,
CuentaD,Lorry Gilardoni,429,591,,2614.88,,,12-01-2025,,,,31-12-2026,2,Jalisco,lgilardonibw@google.co.jp,2162731700,,
CuentaN,Gunar Benstead,430,1359,,4862.48,,,20-09-2025,,10-11-2025,,,4,Guerrero,gbensteadbx@github.com,1321803503,HIQE118957LBV,Skyba
CuentaD,Garret Lobell,431,618,,7649.27,,,31-05-2025,,,,31-12-2026,4,Guerrero,globellby@slideshare.net,9827307678,,
CuentaN,Bertrand Boreham,432,3526,,6064.79,,,08-08-2025,,21-06-2025,,,4,Guerrero,bborehambz@state.gov,3318945608,UYDM751140HDY,Centimia
CuentaC,Katinka Benjafield,433,,7279,,9948.91,6432.42,09-06-2025,07-03-2026,,31-12-2026,,2,Jalisco,kbenjafieldc0@yolasite.com,1934309886,,
CuentaC,Gabbi Posnett,434,,8017,,7055.16,1564,30-06-2025,15-02-2026,,31-12-2026,,2,Jalisco,gposnettc1@unesco.org,5854632766,,
CuentaN,Forrester Rainforth,435,4533,,2372.25,,,03-11-2025,,16-12-2025,,,6,Tlaxcala,frainforthc2@51.la,5658797012,COEI171013WVM,Tagchat
CuentaD,Ignazio Weal,436,4763,,8427.07,,,02-10-2025,,,,31-12-2026,5,Morelos,iwealc3@tinypic.com,8865961320,,
CuentaC,Carmel Hrishchenko,437,,2071,,2491.78,2299.71,15-04-2025,27-07-2026,,31-12-2026,,5,Morelos,chrishchenkoc4@google.ru,1136596738,,
CuentaN,Ulrick Leaton,438,3781,,2527.07,,,16-02-2025,,04-01-2025,,,3,Puebla,uleatonc5@ca.gov,2282851270,GOSS012278WUR,Flashset
CuentaD,Brook Francecione,439,841,,6897.03,,,21-03-2025,,,,31-12-2026,1,Hidalgo,bfrancecionec6@slashdot.org,6744878297,,
CuentaC,Tore Forsdicke,440,,5769,,3452.06,1633,30-07-2025,07-06-2026,,31-12-2026,,5,Morelos,tforsdickec7@miitbeian.gov.cn,5418770754,,
CuentaD,Valentijn Slaght,441,548,,3273.8,,,21-11-2025,,,,31-12-2026,5,Morelos,vslaghtc8@guardian.co.uk,9324098675,,
CuentaD,Winonah Rivalant,442,1719,,2096.97,,,08-06-2025,,,,31-12-2026,4,Guerrero,wrivalantc9@admin.ch,9118069886,,
CuentaN,Filberto Wickman,443,3344,,2882.34,,,15-07-2025,,29-12-2025,,,4,Guerrero,fwickmanca@naver.com,1362482115,REBP665772AAF,Kimia
CuentaD,Jo Roofe,444,1364,,9085.53,,,06-06-2025,,,,31-12-2026,2,Jalisco,jroofecb@nationalgeographic.com,8839564009,,
CuentaN,Normand Romayne,445,629,,9844.75,,,11-08-2025,,07-07-2025,,,1,Hidalgo,nromaynecc@nps.gov,1876154301,CLXA616323MIF,Jaxnation
CuentaC,Lorne Prattington,446,,9752,,1937.46,132,22-12-2025,12-12-2026,,31-12-2026,,3,Puebla,lprattingtoncd@4shared.com,7454054983,,
CuentaC,Frazier Woolvin,447,,9655,,3471.31,2090,24-11-2025,22-05-2026,,31-12-2026,,5,Morelos,fwoolvince@taobao.com,9881971233,,
CuentaC,Jena Ruvel,448,,8667,,4550.1,2386.74,14-04-2025,24-12-2026,,31-12-2026,,1,Hidalgo,jruvelcf@moonfruit.com,1606909143,,
CuentaN,Scarface Pitblado,449,980,,7867.37,,,13-07-2025,,30-03-2025,,,1,Hidalgo,spitbladocg@craigslist.org,9724989120,TOGB837930NTI,Brainlounge
CuentaD,Philipa Pill,450,778,,9983.79,,,02-02-2025,,,,31-12-2026,3,Puebla,ppillch@liveinternet.ru,4797566763,,
CuentaD,Alessandro Vasenkov,451,2954,,6602.8,,,12-10-2025,,,,31-12-2026,1,Hidalgo,avasenkovci@ft.com,4608879641,,
CuentaN,Byrom Trapp,452,1320,,3208.05,,,22-05-2025,,27-11-2025,,,3,Puebla,btrappcj@geocities.com,4843510640,RTZL407623YLP,Mymm
CuentaC,Rhodie McTrustey,453,,5603,,1302.25,586,12-07-2025,15-08-2026,,31-12-2026,,3,Puebla,rmctrusteyck@nbcnews.com,8035118588,,
CuentaC,Florian McKerlie,454,,5283,,907.8,537,15-02-2025,26-08-2026,,31-12-2026,,1,Hidalgo,fmckerliecl@blogtalkradio.com,9619162006,,
CuentaN,Hirsch Flowers,455,2674,,5294.3,,,25-07-2025,,30-07-2025,,,5,Morelos,hflowerscm@engadget.com,4686755040,QSSG307901YIG,Skivee
CuentaN,Glenden Belcher,456,1349,,5125.64,,,14-06-2025,,12-02-2025,,,4,Guerrero,gbelchercn@sakura.ne.jp,7079368163,AIPA878619KNA,Riffpedia
CuentaD,Lorelei Vogele,457,3492,,2737.0,,,08-10-2025,,,,31-12-2026,3,Puebla,lvogeleco@etsy.com,5419416290,,
CuentaN,Janot Withinshaw,458,2513,,79.16,,,22-08-2025,,01-06-2025,,,1,Hidalgo,jwithinshawcp@oaic.gov.au,9679433075,ABXS505832ING,Tagfeed
CuentaC,Clive McCrystal,459,,6030,,8849.14,5015.8,22-06-2025,09-02-2026,,31-12-2026,,5,Morelos,cmccrystalcq@slate.com,6473447443,,
CuentaC,Carline Kalderon,460,,1509,,7688.34,7437.76,04-07-2025,21-02-2026,,31-12-2026,,1,Hidalgo,ckalderoncr@ameblo.jp,7453865368,,
CuentaC,Evelyn Srawley,461,,1064,,945.32,129,23-09-2025,07-06-2026,,31-12-2026,,1,Hidalgo,esrawleycs@lulu.com,2077153934,,
CuentaN,Tan Lamplough,462,169,,9434.05,,,08-01-2025,,13-06-2025,,,6,Tlaxcala,tlamploughct@nature.com,8296363106,ZNRI717528KAV,Oloo
CuentaD,Brady Brownsett,463,3118,,5316.96,,,01-03-2025,,,,31-12-2026,2,Jalisco,bbrownsettcu@t.co,5695231422,,
CuentaD,Raphael Tunnock,464,4636,,449.74,,,15-01-2025,,,,31-12-2026,3,Puebla,rtunnockcv@scientificamerican.com,2704911251,,
CuentaD,Steffi Thews,465,856,,8578.74,,,02-01-2025,,,,31-12-2026,6,Tlaxcala,sthewscw@quantcast.com,8972977387,,
CuentaC,Candra Yorkston,466,,8332,,2051.09,303,30-12-2025,21-10-2026,,31-12-2026,,2,Jalisco,cyorkstoncx@stanford.edu,7075521723,,
CuentaD,Frannie Meaton,467,2927,,3844.71,,,27-09-2025,,,,31-12-2026,1,Hidalgo,fmeatoncy@ocn.ne.jp,8334350846,,
CuentaN,Fredek Whyborn,468,2832,,8501.38,,,13-03-2025,,20-03-2025,,,1,Hidalgo,fwhyborncz@prweb.com,1525496028,ORHL628108JTF,Avamm
CuentaC,Pincus Kevern,469,,9407,,1204.45,214,09-11-2025,05-04-2026,,31-12-2026,,5,Morelos,pkevernd0@independent.co.uk,1999640981,,
CuentaD,Noak Burles,470,275,,5403.68,,,18-11-2025,,,,31-12-2026,4,Guerrero,nburlesd1@pagesperso-orange.fr,4678113824,,
CuentaC,Harland Stollsteimer,471,,6260,,9629.73,4342.62,10-03-2025,21-10-2026,,31-12-2026,,6,Tlaxcala,hstollsteimerd2@addthis.com,9676993544,,
CuentaN,Lib Kettleson,472,4598,,8802.96,,,19-12-2025,,11-06-2025,,,4,Guerrero,lkettlesond3@miibeian.gov.cn,4357491886,AYOD641645XUO,Browsezoom
CuentaC,Haskell Lermouth,473,,8065,,5529.06,1439.84,08-09-2025,07-03-2026,,31-12-2026,,2,Jalisco,hlermouthd4@engadget.com,5536775378,,
CuentaD,Hephzibah Gerauld,474,4100,,3900.26,,,09-03-2025,,,,31-12-2026,6,Tlaxcala,hgerauldd5@paypal.com,8952363827,,
CuentaN,Sherrie Ladd,475,2301,,6794.72,,,21-09-2025,,01-05-2025,,,5,Morelos,sladdd6@nbcnews.com,4531442687,MIFY682083GHO,Browsecat
CuentaN,Myrtice Molineaux,476,1056,,5542.06,,,13-03-2025,,29-01-2025,,,3,Puebla,mmolineauxd7@tumblr.com,6348210963,TJLF351819FYH,Thoughtworks
CuentaD,Andromache Maudling,477,3918,,3803.11,,,18-05-2025,,,,31-12-2026,5,Morelos,amaudlingd8@ft.com,4557647650,,
CuentaN,Annamarie Pencott,478,4559,,9237.88,,,13-11-2025,,13-10-2025,,,4,Guerrero,apencottd9@github.io,5498364405,DWLX479831UEQ,Aimbo
CuentaD,Adolpho Koenraad,479,881,,6195.79,,,26-04-2025,,,,31-12-2026,2,Jalisco,akoenraadda@hubpages.com,5212295044,,
CuentaD,Winne Swanton,480,554,,2063.71,,,16-11-2025,,,,31-12-2026,6,Tlaxcala,wswantondb@shareasale.com,5169075452,,
CuentaC,Seward Deplacido,481,,6048,,8209.01,6338.38,24-09-2025,22-03-2026,,31-12-2026,,4,Guerrero,sdeplacidodc@webnode.com,5243297464,,
CuentaD,Georgena Petru,482,2035,,1311.48,,,07-02-2025,,,,31-12-2026,1,Hidalgo,gpetrudd@cargocollective.com,1818125382,,
CuentaN,Mareah Rose,483,3072,,8886.13,,,06-10-2025,,08-12-2025,,,2,Jalisco,mrosede@hubpages.com,5736655614,SIIP614809XWT,Skipfire
CuentaC,Kendrick Antczak,484,,9043,,9719.24,6010.15,19-08-2025,30-06-2026,,31-12-2026,,5,Morelos,kantczakdf@wikimedia.org,8747808962,,
CuentaD,Joya Eliasson,485,327,,1043.62,,,28-06-2025,,,,31-12-2026,4,Guerrero,jeliassondg@discuz.net,6406594251,,
CuentaC,Barron Ewen,486,,3861,,2531.6,1270.94,21-05-2025,23-03-2026,,31-12-2026,,5,Morelos,bewendh@biglobe.ne.jp,2879090788,,
CuentaN,Alan Hugnot,487,4153,,4856.65,,,11-12-2025,,13-12-2025,,,4,Guerrero,ahugnotdi@squarespace.com,7468329433,MHSM487242CFL,Twitternation
CuentaN,Rycca Gobolos,488,842,,3958.12,,,17-04-2025,,20-05-2025,,,6,Tlaxcala,rgobolosdj@webeden.co.uk,5545677975,LWOY882304ZUH,Camido
CuentaD,Daveen Cordova,489,3342,,8178.97,,,17-04-2025,,,,31-12-2026,4,Guerrero,dcordovadk@deliciousdays.com,6083387882,,
CuentaD,Andria Dunseath,490,4201,,364.15,,,24-11-2025,,,,31-12-2026,6,Tlaxcala,adunseathdl@creativecommons.org,3548317398,,
CuentaD,Pollyanna Jenkin,491,857,,8125.88,,,10-03-2025,,,,31-12-2026,5,Morelos,pjenkindm@walmart.com,9095910968,,
CuentaN,Jesse Willsmore,492,4770,,9900.06,,,18-10-2025,,13-04-2025,,,4,Guerrero,jwillsmoredn@weather.com,7624574685,NATQ010546XXF,Realfire
CuentaC,Dalston Birchwood,493,,7133,,2205.85,803.43,11-01-2025,31-05-2026,,31-12-2026,,6,Tlaxcala,dbirchwooddo@wikia.com,6882456872,,
CuentaD,Marlo Nettles,494,4217,,4354.83,,,11-03-2025,,,,31-12-2026,6,Tlaxcala,mnettlesdp@flickr.com,3329739703,,
CuentaD,Kipp Jackways,495,1639,,1088.55,,,11-11-2025,,,,31-12-2026,5,Morelos,kjackwaysdq@bravesites.com,6925084174,,
CuentaC,Holt Larsen,496,,5705,,142.71,94,11-02-2025,07-07-2026,,31-12-2026,,5,Morelos,hlarsendr@soundcloud.com,8831302685,,
CuentaN,Arthur Vairow,497,3520,,5871.36,,,18-03-2025,,06-08-2025,,,3,Puebla,avairowds@seattletimes.com,1526316856,JFSY198901JMI,Topiclounge
CuentaD,Jennie Glennard,498,1455,,208.71,,,16-08-2025,,,,31-12-2026,6,Tlaxcala,jglennarddt@hud.gov,2287202705,,
CuentaC,Kassey Tite,499,,8923,,1080.39,475,06-08-2025,01-03-2026,,31-12-2026,,2,Jalisco,ktitedu@drupal.org,4427540644,,
CuentaD,Muhammad Ughetti,500,2335,,9109.51,,,07-04-2025,,,,31-12-2026,6,Tlaxcala,mughettidv@topsy.com,4031721657,,
CuentaN,Gradeigh Sailer,501,1962,,9610.76,,,06-07-2025,,06-03-2025,,,3,Puebla,gsailerdw@plala.or.jp,5082580544,RBXK926125NHT,Divanoodle
CuentaN,Jameson Swadlin,502,4813,,4772.3,,,25-01-2025,,10-12-2025,,,1,Hidalgo,jswadlindx@xing.com,3479333841,DKNA052338GOF,Shufflebeat
CuentaC,Ailbert Mairs,503,,7963,,6333.13,5731.15,18-10-2025,18-05-2026,,31-12-2026,,5,Morelos,amairsdy@ezinearticles.com,1997766218,,
CuentaD,Nicolle Krause,504,2755,,5490.58,,,11-08-2025,,,,31-12-2026,4,Guerrero,nkrausedz@fastcompany.com,1955378992,,
CuentaN,Timothy Gilder,505,3126,,8480.7,,,07-07-2025,,16-11-2025,,,2,Jalisco,tgildere0@eventbrite.com,4124008846,CMKE314973RUM,Dablist
CuentaD,Beverley Rowler,506,1368,,772.8,,,05-05-2025,,,,31-12-2026,2,Jalisco,browlere1@nifty.com,3545740071,,
CuentaC,Panchito Libri,507,,2892,,1585.14,826,09-05-2025,10-12-2026,,31-12-2026,,5,Morelos,plibrie2@howstuffworks.com,3964203721,,
CuentaN,Aurel Lowder,508,2702,,5570.64,,,22-08-2025,,24-09-2025,,,2,Jalisco,alowdere3@hhs.gov,3455737550,MPBH343376MCG,Vitz
CuentaC,Davis Ashingden,509,,6554,,2504.91,1289,06-07-2025,07-02-2026,,31-12-2026,,2,Jalisco,dashingdene4@ask.com,7887955918,,
CuentaC,Fern Fullun,510,,7365,,9295.9,2795.37,15-02-2025,30-10-2026,,31-12-2026,,3,Puebla,ffullune5@usgs.gov,2046337312,,
CuentaN,Hermione Van Saltsberg,511,580,,1485.03,,,24-02-2025,,16-05-2025,,,6,Tlaxcala,hvane6@jugem.jp,3924577516,UKKU539851SHO,Babbleblab
CuentaD,Monica Siddell,512,2908,,1327.64,,,03-07-2025,,,,31-12-2026,3,Puebla,msiddelle7@skyrock.com,8001306041,,
CuentaD,Hollie Trustrie,513,4308,,9658.09,,,10-11-2025,,,,31-12-2026,4,Guerrero,htrustriee8@unicef.org,1914761642,,
CuentaC,Fernande Bussel,514,,2434,,2893.39,511,23-09-2025,25-06-2026,,31-12-2026,,5,Morelos,fbussele9@miitbeian.gov.cn,8896376663,,
CuentaC,Clarabelle Butts,515,,4111,,9662.15,5725.33,06-03-2025,29-01-2026,,31-12-2026,,3,Puebla,cbuttsea@pbs.org,9284761812,,
CuentaD,Issi Kervin,516,498,,2287.42,,,24-12-2025,,,,31-12-2026,1,Hidalgo,ikervineb@accuweather.com,7414845412,,
CuentaC,Anna-maria Hamm,517,,9427,,3629.0,3354,09-07-2025,19-06-2026,,31-12-2026,,6,Tlaxcala,ahammec@meetup.com,3335962194,,
CuentaN,Hilliary Rapa,518,964,,3572.22,,,31-03-2025,,08-02-2025,,,3,Puebla,hrapaed@wikipedia.org,4322576474,XXCE692651CEO,Skipfire
CuentaC,Sophi Ronisch,519,,5331,,4454.11,102,01-10-2025,25-06-2026,,31-12-2026,,3,Puebla,sronischee@odnoklassniki.ru,5373457838,,
CuentaC,Merola Armal,520,,1208,,7003.65,2036,07-02-2025,11-12-2026,,31-12-2026,,2,Jalisco,marmalef@deviantart.com,9077612477,,
CuentaC,Shari Aughtie,521,,7326,,924.03,816,02-04-2025,05-03-2026,,31-12-2026,,5,Morelos,saughtieeg@mail.ru,2154607554,,
CuentaD,Reginauld Delwater,522,980,,7234.92,,,07-09-2025,,,,31-12-2026,3,Puebla,rdelwatereh@webs.com,6601702910,,
CuentaN,Jaye Barkshire,523,1912,,6094.99,,,30-04-2025,,12-11-2025,,,2,Jalisco,jbarkshireei@hexun.com,3993251705,FGBC178834VGV,Twitterbeat
CuentaN,Arabella Cuerdall,524,3971,,433.02,,,30-10-2025,,12-06-2025,,,2,Jalisco,acuerdallej@godaddy.com,5007739942,IMHG810579SVX,Skippad
CuentaN,Sibyl Matyushonok,525,4205,,743.22,,,19-07-2025,,04-04-2025,,,1,Hidalgo,smatyushonokek@mac.com,7998046886,SEQC041322VNL,Flashspan
CuentaC,Dmitri Kincey,526,,1905,,6864.85,5621.27,01-07-2025,04-12-2026,,31-12-2026,,4,Guerrero,dkinceyel@yolasite.com,8249074753,,
CuentaC,Farrel Humphrey,527,,1852,,3119.88,743.12,04-08-2025,14-07-2026,,31-12-2026,,2,Jalisco,fhumphreyem@sciencedirect.com,2394598052,,
CuentaD,Faye Fenner,528,2274,,7791.98,,,17-11-2025,,,,31-12-2026,6,Tlaxcala,ffenneren@home.pl,5714711378,,
CuentaN,Frankie Popple,529,2270,,9853.88,,,14-04-2025,,05-09-2025,,,6,Tlaxcala,fpoppleeo@princeton.edu,7558581467,LLMG038281UQP,Quimba
CuentaN,Karl Prebble,530,4304,,6323.19,,,17-06-2025,,13-10-2025,,,3,Puebla,kprebbleep@delicious.com,8798430005,ZOFT816616CRK,Topicshots
CuentaD,Ivett Ickovic,531,2204,,2813.34,,,10-01-2025,,,,31-12-2026,6,Tlaxcala,iickoviceq@meetup.com,1779968142,,
CuentaD,Chloette Capron,532,1509,,1998.7,,,12-10-2025,,,,31-12-2026,2,Jalisco,ccaproner@independent.co.uk,2747467206,,
CuentaN,Cosimo Skaife d'Ingerthorpe,533,1493,,7905.3,,,26-10-2025,,07-12-2025,,,5,Morelos,cskaifees@illinois.edu,6348783529,VMOP637919SJL,Yakitri
CuentaC,Nissy Malecky,534,,8180,,1488.74,493,23-11-2025,21-01-2026,,31-12-2026,,4,Guerrero,nmaleckyet@webeden.co.uk,1405382795,,
CuentaN,April Paxman,535,3983,,2806.16,,,27-01-2025,,29-07-2025,,,2,Jalisco,apaxmaneu@google.com.au,1553839692,NNLE493083FQR,Linklinks
CuentaC,Darwin Chezier,536,,6419,,3642.32,1625,20-02-2025,20-05-2026,,31-12-2026,,5,Morelos,dchezierev@symantec.com,6963772018,,
CuentaD,Gallard Larne,537,1696,,6002.01,,,29-12-2025,,,,31-12-2026,1,Hidalgo,glarneew@w3.org,1203307394,,
CuentaN,Junie Vernazza,538,159,,2893.82,,,09-11-2025,,26-04-2025,,,3,Puebla,jvernazzaex@admin.ch,9242686519,RQMM951358AYP,Edgeify
CuentaC,Brooke Kensley,539,,8008,,8055.51,5128.26,02-04-2025,15-06-2026,,31-12-2026,,4,Guerrero,bkensleyey@ustream.tv,8688081278,,
CuentaN,Florette Arnow,540,4873,,4697.69,,,18-08-2025,,08-02-2025,,,5,Morelos,farnowez@answers.com,9909994845,HVPG180880WMX,Brainbox
CuentaN,Myrtice Anthoine,541,2313,,1674.57,,,23-08-2025,,12-04-2025,,,5,Morelos,manthoinef0@patch.com,9528593168,AMZC525025EFN,Shuffletag
CuentaN,Nichole Stife,542,3209,,368.43,,,25-10-2025,,13-11-2025,,,1,Hidalgo,nstifef1@wiley.com,9911436253,WYUY617344IDX,Livetube
CuentaD,Darell Scolding,543,1090,,3748.08,,,02-04-2025,,,,31-12-2026,6,Tlaxcala,dscoldingf2@icq.com,2612880287,,
CuentaC,Eulalie Drohun,544,,2820,,3356.04,2890,13-02-2025,15-07-2026,,31-12-2026,,1,Hidalgo,edrohunf3@alexa.com,6859199684,,
CuentaD,Beth Blandamere,545,4490,,3342.33,,,17-08-2025,,,,31-12-2026,3,Puebla,bblandameref4@wordpress.org,6005063642,,
CuentaN,Charlie Readshall,546,2177,,4797.79,,,05-07-2025,,25-07-2025,,,5,Morelos,creadshallf5@qq.com,5851857939,CVPT875971FPR,Avavee
CuentaN,Norrie Mussard,547,3652,,6403.24,,,17-02-2025,,19-08-2025,,,5,Morelos,nmussardf6@fastcompany.com,3417313534,YXEZ841284LKO,Tavu
CuentaD,Miof mela Hawkshaw,548,4542,,4286.42,,,29-08-2025,,,,31-12-2026,3,Puebla,mmelaf7@examiner.com,8922096758,,
CuentaD,Rurik Destouche,549,3029,,3129.44,,,20-10-2025,,,,31-12-2026,1,Hidalgo,rdestouchef8@oakley.com,5924945387,,
CuentaD,Lucien Humble,550,1630,,5301.34,,,16-02-2025,,,,31-12-2026,5,Morelos,lhumblef9@gravatar.com,9748666276,,
CuentaC,Flo Langmaid,551,,4555,,4291.73,1492,10-02-2025,09-11-2026,,31-12-2026,,4,Guerrero,flangmaidfa@phpbb.com,3823777849,,
CuentaC,Alysia Boyland,552,,6701,,4436.04,4300,17-03-2025,28-10-2026,,31-12-2026,,3,Puebla,aboylandfb@hibu.com,8014964265,,
CuentaD,Emalia Gallagher,553,769,,6645.1,,,02-02-2025,,,,31-12-2026,1,Hidalgo,egallagherfc@smh.com.au,5308943316,,
CuentaD,Regina Grumley,554,3157,,5990.73,,,11-06-2025,,,,31-12-2026,3,Puebla,rgrumleyfd@constantcontact.com,5282878188,,
CuentaN,Rutledge Ramm,555,2931,,9517.12,,,04-04-2025,,08-03-2025,,,4,Guerrero,rrammfe@techcrunch.com,1767878795,NMMW303404VYM,Skidoo
CuentaN,Gregory Stener,556,1748,,2273.77,,,12-09-2025,,16-05-2025,,,1,Hidalgo,gstenerff@msu.edu,4115378077,ZHAW785380TUK,Blogtags
CuentaN,Gordan Jentle,557,853,,888.01,,,25-10-2025,,11-06-2025,,,3,Puebla,gjentlefg@tripod.com,9209631904,OGXM988048TEJ,Zoomcast
CuentaC,Vicky Torel,558,,2180,,8871.55,1784.11,06-08-2025,18-06-2026,,31-12-2026,,6,Tlaxcala,vtorelfh@yelp.com,4519813929,,
CuentaD,Alia Middlebrook,559,2449,,2425.36,,,24-03-2025,,,,31-12-2026,3,Puebla,amiddlebrookfi@mashable.com,9566186673,,
CuentaD,Darelle Uc,560,4537,,4413.88,,,30-12-2025,,,,31-12-2026,3,Puebla,ducfj@about.me,7706768015,,
CuentaD,Lucilia Fone,561,3638,,6854.39,,,30-01-2025,,,,31-12-2026,4,Guerrero,lfonefk@qq.com,1338800475,,
CuentaN,Armando Killbey,562,4401,,671.75,,,10-05-2025,,26-04-2025,,,3,Puebla,akillbeyfl@barnesandnoble.com,8244094288,MAYY913463FBO,Pixope
CuentaN,Cordi Appleby,563,972,,1208.25,,,16-11-2025,,11-10-2025,,,5,Morelos,capplebyfm@wikia.com,1488040741,JNLC337780NYT,Yambee
CuentaD,Nicoli Landis,564,2265,,9962.53,,,07-01-2025,,,,31-12-2026,5,Morelos,nlandisfn@uol.com.br,8378839395,,
CuentaC,Evvy Laible,565,,7454,,108.44,31,25-12-2025,17-08-2026,,31-12-2026,,2,Jalisco,elaiblefo@netlog.com,7917633151,,
CuentaD,Gayleen Cozzi,566,4928,,3801.22,,,31-01-2025,,,,31-12-2026,2,Jalisco,gcozzifp@etsy.com,8222214225,,
CuentaC,Barty Rape,567,,8121,,622.94,480,25-05-2025,29-09-2026,,31-12-2026,,5,Morelos,brapefq@ihg.com,6219586495,,
CuentaD,Sileas Bickerstasse,568,4620,,8695.0,,,12-12-2025,,,,31-12-2026,3,Puebla,sbickerstassefr@lulu.com,5251340018,,
CuentaC,Phil Sandy,569,,2131,,5371.72,2737.71,01-06-2025,01-10-2026,,31-12-2026,,4,Guerrero,psandyfs@gnu.org,6062109338,,
CuentaN,Alasteir Vizard,570,2878,,6315.67,,,13-12-2025,,08-04-2025,,,3,Puebla,avizardft@dedecms.com,3229217477,YFIY981193CMW,Vipe
CuentaC,Donn Tremollet,571,,8204,,1819.39,642,31-01-2025,07-10-2026,,31-12-2026,,4,Guerrero,dtremolletfu@umich.edu,7083776219,,
CuentaC,Eben Kellington,572,,5345,,6888.48,248.31,07-03-2025,26-01-2026,,31-12-2026,,4,Guerrero,ekellingtonfv@zdnet.com,3128934846,,
CuentaN,Robers Janes,573,1203,,7802.0,,,31-03-2025,,09-01-2025,,,6,Tlaxcala,rjanesfw@nps.gov,2081068809,UXNG561789SBB,Lazz
CuentaC,Alta Sharer,574,,8308,,8630.2,3694.43,29-05-2025,11-09-2026,,31-12-2026,,4,Guerrero,asharerfx@illinois.edu,7545814091,,
CuentaN,Raychel Crosfield,575,2043,,8182.31,,,06-01-2025,,18-11-2025,,,5,Morelos,rcrosfieldfy@blogspot.com,2959810904,LVSG653485WBT,Cogibox
CuentaD,Killy Upcott,576,3212,,3667.22,,,17-02-2025,,,,31-12-2026,3,Puebla,kupcottfz@utexas.edu,3203450154,,
CuentaC,Rosco Maffini,577,,9610,,6924.23,2661,11-10-2025,22-11-2026,,31-12-2026,,3,Puebla,rmaffinig0@fda.gov,6657208986,,
CuentaN,Marchall Blazejewski,578,3435,,3013.03,,,22-09-2025,,25-09-2025,,,4,Guerrero,mblazejewskig1@blog.com,6098808716,XLFF976342VBE,Browsedrive
CuentaN,Prisca Ramsden,579,4312,,5783.93,,,29-05-2025,,06-02-2025,,,1,Hidalgo,pramsdeng2@sogou.com,9396766132,ZFGR984053IGJ,Thoughtblab
CuentaC,Bartel Quare,580,,1727,,8207.71,4420,28-03-2025,08-12-2026,,31-12-2026,,1,Hidalgo,bquareg3@sciencedirect.com,1984004346,,
CuentaN,Phil Madre,581,507,,5328.33,,,13-10-2025,,14-05-2025,,,4,Guerrero,pmadreg4@stanford.edu,7897879435,GIVS595120PIQ,Jabbersphere
CuentaC,Sadye Gorey,582,,2362,,742.5,399,28-02-2025,20-02-2026,,31-12-2026,,2,Jalisco,sgoreyg5@ox.ac.uk,5311228892,,
CuentaD,Micky Rainford,583,2578,,1042.93,,,30-12-2025,,,,31-12-2026,3,Puebla,mrainfordg6@woothemes.com,9389161903,,
CuentaD,Christoph Irvine,584,3760,,4426.12,,,30-04-2025,,,,31-12-2026,3,Puebla,cirvineg7@eepurl.com,4734125300,,
CuentaC,Florenza Hartrick,585,,3402,,35.04,17,28-06-2025,30-11-2026,,31-12-2026,,1,Hidalgo,fhartrickg8@redcross.org,5457176864,,
CuentaC,Mariana Chaulk,586,,7399,,2208.19,1863,07-08-2025,19-04-2026,,31-12-2026,,1,Hidalgo,mchaulkg9@umich.edu,3498071306,,
CuentaC,Lilia Duggleby,587,,7759,,7790.87,495.69,23-10-2025,08-12-2026,,31-12-2026,,3,Puebla,ldugglebyga@scientificamerican.com,7103032554,,
CuentaD,Eudora Peto,588,3928,,5339.53,,,16-07-2025,,,,31-12-2026,1,Hidalgo,epetogb@oaic.gov.au,6337492699,,
CuentaC,Tatiana Lodder,589,,1684,,7812.33,898,15-03-2025,02-04-2026,,31-12-2026,,4,Guerrero,tloddergc@who.int,8023660963,,
CuentaD,Elinor Showell,590,4152,,6753.19,,,23-12-2025,,,,31-12-2026,1,Hidalgo,eshowellgd@hostgator.com,2663129337,,
CuentaN,Chip Welburn,591,2535,,8379.42,,,21-12-2025,,07-10-2025,,,3,Puebla,cwelburnge@examiner.com,7918659426,IFWJ766593GRG,Innojam
CuentaN,Raymund Prangnell,592,812,,5468.82,,,15-06-2025,,20-04-2025,,,1,Hidalgo,rprangnellgf@zimbio.com,2601539732,NLKH393091TBW,Buzzbean
CuentaD,Honor Rowles,593,2119,,2350.23,,,05-09-2025,,,,31-12-2026,6,Tlaxcala,hrowlesgg@shop-pro.jp,4437391003,,
CuentaN,Riordan Ripon,594,4618,,5292.71,,,28-08-2025,,15-07-2025,,,6,Tlaxcala,rripongh@phpbb.com,4317541858,JCTE970910YLJ,Jabbersphere
CuentaN,Wanda Valencia,595,3785,,4823.06,,,02-05-2025,,09-08-2025,,,1,Hidalgo,wvalenciagi@pagesperso-orange.fr,5371500072,ILJL385587BRJ,Skyvu
CuentaC,Trudy Brettoner,596,,4737,,7665.22,2585.16,19-03-2025,12-10-2026,,31-12-2026,,2,Jalisco,tbrettonergj@blog.com,1749764707,,
CuentaN,Carita Yemm,597,4347,,7969.38,,,19-02-2025,,24-06-2025,,,6,Tlaxcala,cyemmgk@squarespace.com,4988004310,BSSI910364ABO,Buzzshare
CuentaD,Susanne Penhaligon,598,1407,,5693.5,,,14-05-2025,,,,31-12-2026,3,Puebla,spenhaligongl@bloglines.com,1949782046,,
CuentaD,Torin Currier,599,664,,5157.29,,,28-07-2025,,,,31-12-2026,2,Jalisco,tcurriergm@sun.com,9138263041,,
CuentaN,Randolph Mariolle,600,1871,,1639.48,,,01-12-2025,,29-03-2025,,,6,Tlaxcala,rmariollegn@ftc.gov,9161046047,IPKX069987WIU,Brainverse
CuentaC,Boote Matthensen,601,,2897,,9316.54,5453.1,10-10-2025,11-01-2026,,31-12-2026,,5,Morelos,bmatthensengo@cyberchimps.com,5602981472,,
CuentaD,Emmye Gerling,602,384,,6819.57,,,10-10-2025,,,,31-12-2026,4,Guerrero,egerlinggp@yellowpages.com,4297507700,,
CuentaC,Thatcher Robeiro,603,,5239,,6371.72,85.43,02-10-2025,03-08-2026,,31-12-2026,,1,Hidalgo,trobeirogq@walmart.com,2348970774,,
CuentaC,Willy Yerrill,604,,5094,,8443.3,3381.34,15-03-2025,09-10-2026,,31-12-2026,,2,Jalisco,wyerrillgr@fastcompany.com,8817011170,,
CuentaD,Linc Claffey,605,998,,3927.42,,,12-01-2025,,,,31-12-2026,4,Guerrero,lclaffeygs@biblegateway.com,6913248486,,
CuentaN,Wolfgang Piwall,606,3656,,739.86,,,20-03-2025,,10-04-2025,,,6,Tlaxcala,wpiwallgt@kickstarter.com,3322064680,VIXN961812NWY,Jabberbean
CuentaC,Britt Giampietro,607,,3238,,4646.26,1934,09-01-2025,13-04-2026,,31-12-2026,,3,Puebla,bgiampietrogu@merriam-webster.com,3155355671,,
CuentaC,Yvette Aleshkov,608,,4691,,7455.5,4526.67,24-12-2025,14-01-2026,,31-12-2026,,3,Puebla,yaleshkovgv@shutterfly.com,2458524980,,
CuentaN,Ruperta Cormode,609,1433,,499.84,,,31-03-2025,,23-01-2025,,,4,Guerrero,rcormodegw@imageshack.us,1601534919,DORE864112XYO,Snaptags
CuentaN,Glenn MacCollom,610,2446,,9993.7,,,17-07-2025,,03-01-2025,,,1,Hidalgo,gmaccollomgx@google.it,7557039523,GDWJ683971ORC,Feedfish
CuentaD,Myrle Ailward,611,2349,,587.93,,,09-12-2025,,,,31-12-2026,1,Hidalgo,mailwardgy@deviantart.com,2302226504,,
CuentaC,Camilla Philippeaux,612,,5737,,5147.97,3912.07,22-08-2025,06-08-2026,,31-12-2026,,1,Hidalgo,cphilippeauxgz@biblegateway.com,9053025563,,
CuentaC,Batholomew Alen,613,,2111,,5631.11,438.18,25-03-2025,13-10-2026,,31-12-2026,,4,Guerrero,balenh0@qq.com,2651016800,,
CuentaD,Corly Brown,614,1651,,3435.5,,,13-10-2025,,,,31-12-2026,6,Tlaxcala,cbrownh1@answers.com,9265994241,,
CuentaC,Donnie Vasyutichev,615,,1431,,9418.18,6921.29,03-11-2025,27-07-2026,,31-12-2026,,6,Tlaxcala,dvasyutichevh2@dailymotion.com,4245846815,,
CuentaC,Eula Greenroad,616,,5485,,2934.74,1483,15-02-2025,12-08-2026,,31-12-2026,,2,Jalisco,egreenroadh3@accuweather.com,4508657017,,
CuentaC,Thatcher Balasini,617,,9792,,4532.48,2391,30-07-2025,25-05-2026,,31-12-2026,,5,Morelos,tbalasinih4@tinyurl.com,7217711212,,
CuentaC,Enid Chasmar,618,,7896,,4825.4,3950,15-01-2025,19-11-2026,,31-12-2026,,4,Guerrero,echasmarh5@berkeley.edu,2422515034,,
CuentaN,Loydie Frensche,619,1301,,5017.58,,,04-04-2025,,06-03-2025,,,6,Tlaxcala,lfrenscheh6@blinklist.com,8475934971,WBLN924100QSU,Oyope
CuentaC,El Jeger,620,,2674,,5352.29,5213.83,13-05-2025,12-07-2026,,31-12-2026,,3,Puebla,ejegerh7@unblog.fr,9218121702,,
CuentaC,Alf Spohrmann,621,,6300,,6514.15,4987,13-10-2025,23-12-2026,,31-12-2026,,1,Hidalgo,aspohrmannh8@mediafire.com,2527450720,,
CuentaN,Tamar Kettlesting,622,921,,4747.12,,,26-04-2025,,12-11-2025,,,2,Jalisco,tkettlestingh9@google.com,3958329377,GOKA543327VHL,Quinu
CuentaN,Avrit Battabee,623,1424,,8121.07,,,06-12-2025,,20-04-2025,,,6,Tlaxcala,abattabeeha@ibm.com,7955348925,ORPK298046YSD,Gigashots
CuentaC,Jacquenetta Heddy,624,,3871,,3009.43,153,02-12-2025,23-09-2026,,31-12-2026,,6,Tlaxcala,jheddyhb@privacy.gov.au,1716828221,,
CuentaD,Cori Fermor,625,4459,,6256.82,,,08-01-2025,,,,31-12-2026,3,Puebla,cfermorhc@umn.edu,5506702260,,
CuentaC,Chicky Lean,626,,4592,,997.99,578,14-01-2025,19-04-2026,,31-12-2026,,3,Puebla,cleanhd@unc.edu,2991149618,,
CuentaD,Cobby Ackeroyd,627,3200,,6733.61,,,24-11-2025,,,,31-12-2026,1,Hidalgo,cackeroydhe@geocities.com,3613588779,,
CuentaD,Erv Jenson,628,4946,,2856.42,,,12-01-2025,,,,31-12-2026,1,Hidalgo,ejensonhf@bbc.co.uk,8752415571,,
CuentaN,Virgie Maccaig,629,223,,1762.45,,,06-07-2025,,22-09-2025,,,2,Jalisco,vmaccaighg@privacy.gov.au,5424237587,MFRB523291WTL,Mymm
CuentaC,Giulia Uccello,630,,8333,,1947.2,57,08-10-2025,16-08-2026,,31-12-2026,,6,Tlaxcala,guccellohh@rambler.ru,3792109539,,
CuentaC,Myron Milkeham,631,,6129,,2608.82,1176,04-05-2025,19-10-2026,,31-12-2026,,4,Guerrero,mmilkehamhi@hp.com,1997927949,,
CuentaN,Ainslie Wishart,632,2049,,1183.07,,,19-12-2025,,07-03-2025,,,3,Puebla,awisharthj@paginegialle.it,4592797375,KYRR110970DBK,Edgeblab
CuentaN,Kinna Salerg,633,4323,,8095.93,,,24-11-2025,,02-07-2025,,,1,Hidalgo,ksalerghk@diigo.com,1039895677,GQHR723130BMK,Devbug
CuentaN,Raffarty Dallow,634,2608,,1726.73,,,16-10-2025,,12-11-2025,,,1,Hidalgo,rdallowhl@stumbleupon.com,3205135667,SBSX577071SKY,Twitterbridge
CuentaD,Flossy Reyson,635,2344,,1170.35,,,06-01-2025,,,,31-12-2026,1,Hidalgo,freysonhm@purevolume.com,6986872103,,
CuentaD,Hollie Whettleton,636,4682,,8542.64,,,19-01-2025,,,,31-12-2026,6,Tlaxcala,hwhettletonhn@reuters.com,2989788536,,
CuentaD,Cyndy McKee,637,3227,,4322.34,,,28-08-2025,,,,31-12-2026,6,Tlaxcala,cmckeeho@booking.com,7021841035,,
CuentaN,Eduardo Iacovo,638,3554,,5596.62,,,26-08-2025,,21-12-2025,,,4,Guerrero,eiacovohp@rakuten.co.jp,4717945753,QZUH946221MQE,Fivechat
CuentaN,Jillene Labusquiere,639,1269,,5777.72,,,01-12-2025,,07-07-2025,,,1,Hidalgo,jlabusquierehq@earthlink.net,9568905403,OTCD615780QHU,Photojam
CuentaC,Eli Mucklestone,640,,4113,,8848.07,7889.54,31-10-2025,18-10-2026,,31-12-2026,,1,Hidalgo,emucklestonehr@dailymail.co.uk,6207444651,,
CuentaN,Stoddard Marnes,641,3453,,6170.64,,,01-10-2025,,17-09-2025,,,2,Jalisco,smarneshs@icq.com,6081299351,YYSP897105QLS,Edgeblab
CuentaN,Kristy Sallter,642,2656,,7868.99,,,23-08-2025,,17-08-2025,,,5,Morelos,ksallterht@craigslist.org,7304551678,GKVI001577ZRE,Jabberstorm
CuentaC,Neill Lermouth,643,,4488,,323.72,93,14-04-2025,10-04-2026,,31-12-2026,,4,Guerrero,nlermouthhu@ocn.ne.jp,1525312935,,
CuentaN,Rosemaria Glass,644,2158,,5244.48,,,21-04-2025,,19-02-2025,,,3,Puebla,rglasshv@delicious.com,1652950946,TBXN848530ORZ,Flipstorm
CuentaN,Tisha Tibbotts,645,4949,,502.6,,,13-05-2025,,19-12-2025,,,4,Guerrero,ttibbottshw@163.com,3985517779,DVKB439706XOP,Realbridge
CuentaN,Edwina Leschelle,646,1336,,254.79,,,21-05-2025,,07-12-2025,,,6,Tlaxcala,eleschellehx@google.com,8064417342,TXLW784229HTW,Fivebridge
CuentaD,Stanton Murty,647,793,,9145.13,,,28-08-2025,,,,31-12-2026,4,Guerrero,smurtyhy@npr.org,1583776507,,
CuentaD,Laryssa Plesing,648,2450,,2518.63,,,13-03-2025,,,,31-12-2026,2,Jalisco,lplesinghz@reuters.com,7379499392,,
CuentaN,Dugald Stoop,649,3581,,9505.67,,,08-02-2025,,04-04-2025,,,6,Tlaxcala,dstoopi0@youtu.be,8025804881,RWQJ925685JJM,Tavu
CuentaN,Leonardo Zimmermeister,650,2180,,48.7,,,08-02-2025,,15-09-2025,,,4,Guerrero,lzimmermeisteri1@berkeley.edu,8027597246,QAHN432270SHF,Photojam
CuentaC,Ardene Gooding,651,,6525,,2191.99,1358,15-07-2025,29-12-2026,,31-12-2026,,1,Hidalgo,agoodingi2@ustream.tv,2195144603,,
CuentaD,Sidoney McIlwraith,652,4443,,7220.44,,,07-07-2025,,,,31-12-2026,6,Tlaxcala,smcilwraithi3@mapy.cz,4282408958,,
CuentaC,Federico Souch,653,,3816,,7504.87,2913.65,04-02-2025,25-08-2026,,31-12-2026,,1,Hidalgo,fsouchi4@twitter.com,4779665957,,
CuentaC,Roobbie Dorbon,654,,2457,,4538.11,1570.72,24-05-2025,04-09-2026,,31-12-2026,,1,Hidalgo,rdorboni5@google.fr,6018620795,,
CuentaD,Francyne Radford,655,981,,3541.39,,,27-09-2025,,,,31-12-2026,2,Jalisco,fradfordi6@theguardian.com,5727273057,,
CuentaN,Fitz Agg,656,4873,,683.52,,,26-09-2025,,11-01-2025,,,3,Puebla,faggi7@sourceforge.net,8967300810,PCGE990119WQT,Dynabox
CuentaD,Zechariah Yurov,657,881,,8281.3,,,31-10-2025,,,,31-12-2026,2,Jalisco,zyurovi8@aboutads.info,4388840863,,
CuentaN,Mady McIlvoray,658,4761,,3342.15,,,19-05-2025,,25-10-2025,,,3,Puebla,mmcilvorayi9@phpbb.com,5122495737,UMOP013401DVR,Thoughtbridge
CuentaN,Bendite Gauler,659,755,,1787.05,,,16-03-2025,,07-03-2025,,,1,Hidalgo,bgauleria@nih.gov,2685210971,ZWBI159937VFX,Kayveo
CuentaN,Allan Cowely,660,3955,,5127.67,,,09-11-2025,,16-05-2025,,,2,Jalisco,acowelyib@princeton.edu,9282109119,PKOB315158YWE,Vinte
CuentaN,Clemmie Dollman,661,2819,,727.36,,,15-04-2025,,23-11-2025,,,6,Tlaxcala,cdollmanic@prnewswire.com,9127417560,MFPE952532DWD,Mynte
CuentaN,Calv Feasey,662,2686,,482.89,,,05-02-2025,,08-05-2025,,,4,Guerrero,cfeaseyid@netlog.com,9768148472,DUYK687759HGH,Voonte
CuentaC,Hyacintha Upex,663,,8112,,4204.36,906,24-04-2025,21-02-2026,,31-12-2026,,2,Jalisco,hupexie@stumbleupon.com,3998485763,,
CuentaN,Lynda Hugk,664,4520,,2368.31,,,27-06-2025,,25-05-2025,,,3,Puebla,lhugkif@ucla.edu,7428526449,JDUW332453CLF,Browsedrive
CuentaD,Templeton Terran,665,3995,,4465.77,,,26-01-2025,,,,31-12-2026,2,Jalisco,tterranig@biglobe.ne.jp,2767476730,,
CuentaN,Wendi Chatburn,666,4582,,2027.47,,,01-09-2025,,29-09-2025,,,2,Jalisco,wchatburnih@boston.com,8658978080,LMTH150162DXS,Innojam
CuentaN,Shaughn Gouny,667,2,,8621.31,,,28-11-2025,,02-03-2025,,,2,Jalisco,sgounyii@newsvine.com,2102586663,HZNU854947KWW,Chatterpoint
CuentaN,Prissie Bartolommeo,668,4286,,6680.81,,,25-01-2025,,09-07-2025,,,4,Guerrero,pbartolommeoij@printfriendly.com,1071582768,FMHQ712882SBN,Jetwire
CuentaN,Karlis O'Hederscoll,669,428,,3405.73,,,05-05-2025,,14-02-2025,,,2,Jalisco,kohederscollik@51.la,1797844113,GBHO940789LNZ,Skiptube
CuentaD,Felike Ranvoise,670,629,,7486.11,,,21-03-2025,,,,31-12-2026,5,Morelos,franvoiseil@cbslocal.com,4738730436,,
CuentaD,May McPeake,671,3392,,4290.8,,,09-07-2025,,,,31-12-2026,1,Hidalgo,mmcpeakeim@psu.edu,5306380060,,
CuentaC,Guillermo Djurkovic,672,,5620,,8206.35,4209.33,14-09-2025,11-10-2026,,31-12-2026,,2,Jalisco,gdjurkovicin@istockphoto.com,6229854262,,
CuentaD,Marybelle Godmar,673,1809,,7323.42,,,03-08-2025,,,,31-12-2026,5,Morelos,mgodmario@scientificamerican.com,6336482055,,
CuentaD,Dominga De Lasci,674,2767,,8367.88,,,30-08-2025,,,,31-12-2026,1,Hidalgo,ddeip@economist.com,8338003588,,
CuentaD,Hendrika Funcheon,675,1509,,4813.86,,,04-03-2025,,,,31-12-2026,4,Guerrero,hfuncheoniq@fda.gov,9661048162,,
CuentaC,Starlin Arnopp,676,,4863,,1560.36,841,24-06-2025,18-01-2026,,31-12-2026,,3,Puebla,sarnoppir@google.com,9208329584,,
CuentaD,Dannel Handes,677,3582,,5590.78,,,11-01-2025,,,,31-12-2026,5,Morelos,dhandesis@harvard.edu,4123408616,,
CuentaD,Sibyl Canland,678,13,,2623.97,,,21-02-2025,,,,31-12-2026,3,Puebla,scanlandit@addtoany.com,7331535993,,
CuentaN,Ammamaria Armer,679,2038,,2213.01,,,29-03-2025,,11-06-2025,,,5,Morelos,aarmeriu@wordpress.com,6588053972,UKPI570982KFO,Agivu
CuentaC,Ivor Wickrath,680,,9647,,567.46,93,29-03-2025,09-01-2026,,31-12-2026,,5,Morelos,iwickrathiv@biglobe.ne.jp,5029704344,,
CuentaC,Leon Barmby,681,,7334,,9373.2,8464.37,04-01-2025,08-08-2026,,31-12-2026,,2,Jalisco,lbarmbyiw@admin.ch,8994640832,,
CuentaD,Jill Boyan,682,4010,,6304.49,,,07-03-2025,,,,31-12-2026,5,Morelos,jboyanix@cmu.edu,4763866720,,
CuentaN,Ashil Bear,683,407,,1052.77,,,03-01-2025,,14-04-2025,,,2,Jalisco,abeariy@reference.com,2687973084,MZCL971801GSM,Youbridge
CuentaC,Flin Kubat,684,,3979,,1984.84,1908,29-06-2025,06-11-2026,,31-12-2026,,1,Hidalgo,fkubatiz@addthis.com,2862902521,,
CuentaD,Marney Lathan,685,1234,,3192.79,,,28-10-2025,,,,31-12-2026,6,Tlaxcala,mlathanj0@blogtalkradio.com,3372289656,,
CuentaD,Alvy Thirkettle,686,2618,,7342.02,,,26-12-2025,,,,31-12-2026,4,Guerrero,athirkettlej1@indiatimes.com,1847359931,,
CuentaN,Jard Bennis,687,3514,,1177.09,,,13-12-2025,,21-01-2025,,,6,Tlaxcala,jbennisj2@youtu.be,7404702299,BRTG983932HCH,Ozu
CuentaD,Dara Chritchley,688,2581,,203.51,,,05-03-2025,,,,31-12-2026,1,Hidalgo,dchritchleyj3@fema.gov,5961595971,,
CuentaD,Enriqueta Wheelhouse,689,817,,2640.09,,,01-01-2025,,,,31-12-2026,6,Tlaxcala,ewheelhousej4@github.io,5888314288,,
CuentaD,Gabby Lammin,690,4256,,4466.64,,,22-11-2025,,,,31-12-2026,3,Puebla,glamminj5@army.mil,2059296850,,
CuentaN,Meridel Dunderdale,691,3504,,4698.72,,,20-06-2025,,09-01-2025,,,5,Morelos,mdunderdalej6@psu.edu,2145745448,EQTQ457789PEV,Wordpedia
CuentaD,Carry Eastham,692,1708,,2626.37,,,08-05-2025,,,,31-12-2026,2,Jalisco,ceasthamj7@blog.com,8623143794,,
CuentaC,Coreen Thirst,693,,6708,,8780.99,8078.64,19-04-2025,12-03-2026,,31-12-2026,,1,Hidalgo,cthirstj8@symantec.com,7422635580,,
CuentaD,Reuven Antczak,694,1684,,5771.04,,,03-06-2025,,,,31-12-2026,6,Tlaxcala,rantczakj9@seattletimes.com,9157688181,,
CuentaN,Harwell Hannay,695,3250,,6636.81,,,11-08-2025,,13-12-2025,,,1,Hidalgo,hhannayja@mac.com,9962831330,EWES682437QQZ,Wikibox
CuentaD,Winnah Duckworth,696,4652,,7427.98,,,24-10-2025,,,,31-12-2026,3,Puebla,wduckworthjb@japanpost.jp,9569276505,,
CuentaC,Liana Ecles,697,,2820,,626.18,292,01-11-2025,31-01-2026,,31-12-2026,,2,Jalisco,leclesjc@vistaprint.com,7067445239,,
CuentaC,Jock Vasyuchov,698,,8122,,3443.57,2006,23-10-2025,04-04-2026,,31-12-2026,,3,Puebla,jvasyuchovjd@reverbnation.com,8651656047,,
CuentaC,Roscoe Jeffry,699,,7776,,1035.79,134,09-09-2025,27-02-2026,,31-12-2026,,3,Puebla,rjeffryje@instagram.com,3471936995,,
CuentaD,Amara Lovart,700,3207,,3218.6,,,26-03-2025,,,,31-12-2026,6,Tlaxcala,alovartjf@fotki.com,9333823115,,
CuentaN,Sophia Celez,701,4151,,8557.45,,,18-07-2025,,15-07-2025,,,1,Hidalgo,scelezjg@jigsy.com,9675420300,JANO827736IBG,Skynoodle
CuentaN,Othelia Galle,702,4355,,2565.2,,,04-07-2025,,03-11-2025,,,3,Puebla,ogallejh@a8.net,7573316455,LKUB616411NSP,Wordware
CuentaN,Leta Hanniger,703,4275,,3263.5,,,02-12-2025,,07-04-2025,,,3,Puebla,lhannigerji@google.de,7084298749,XKAV571653DNY,Skibox
CuentaN,Kippy Lachaize,704,3773,,5995.4,,,05-02-2025,,21-10-2025,,,2,Jalisco,klachaizejj@samsung.com,8995044848,ZPTD593635AAM,InnoZ
CuentaC,Melesa Nelthorp,705,,5548,,8204.43,2020,08-04-2025,04-03-2026,,31-12-2026,,5,Morelos,mnelthorpjk@behance.net,4695591227,,
CuentaC,Adolpho Berrill,706,,1463,,1242.47,631,25-06-2025,07-10-2026,,31-12-2026,,3,Puebla,aberrilljl@irs.gov,8114102921,,
CuentaN,Bendix Caldecourt,707,1831,,1381.98,,,20-10-2025,,10-01-2025,,,4,Guerrero,bcaldecourtjm@chron.com,6453554936,AMRS349025BWU,Skyvu
CuentaD,Myron Kem,708,4981,,9539.45,,,05-09-2025,,,,31-12-2026,1,Hidalgo,mkemjn@prweb.com,7302414085,,
CuentaN,Alfonse Bartolommeo,709,1236,,1476.57,,,21-09-2025,,23-11-2025,,,5,Morelos,abartolommeojo@zimbio.com,1614070486,GIDL793393RBF,Yodel
CuentaN,Nyssa Treske,710,1288,,7230.87,,,11-12-2025,,21-10-2025,,,4,Guerrero,ntreskejp@stanford.edu,5499858055,COIU547721HBE,Zoomcast
CuentaN,Aaron Bidewel,711,3350,,6654.38,,,22-10-2025,,13-01-2025,,,1,Hidalgo,abideweljq@salon.com,5221963995,MBPU781336NTK,Wordware
CuentaD,Jordan Harbottle,712,4806,,8190.88,,,10-06-2025,,,,31-12-2026,5,Morelos,jharbottlejr@pbs.org,2169888768,,
CuentaN,Darcee Wadlow,713,2286,,6242.93,,,23-01-2025,,08-04-2025,,,6,Tlaxcala,dwadlowjs@java.com,5498835069,GIRJ050879HKU,Ainyx
CuentaD,Cynde Hacket,714,3123,,9713.48,,,18-11-2025,,,,31-12-2026,6,Tlaxcala,chacketjt@rakuten.co.jp,7166872333,,
CuentaD,Mort Dymick,715,3602,,7814.54,,,16-01-2025,,,,31-12-2026,3,Puebla,mdymickju@technorati.com,7069332330,,
CuentaC,Conchita Chipchase,716,,6446,,3027.31,1129,03-08-2025,24-01-2026,,31-12-2026,,4,Guerrero,cchipchasejv@theglobeandmail.com,8455046887,,
CuentaC,Elsy Yarnold,717,,7861,,202.54,108,06-06-2025,31-10-2026,,31-12-2026,,1,Hidalgo,eyarnoldjw@twitter.com,2512960847,,
CuentaD,Brendan Poynzer,718,2404,,3351.76,,,12-11-2025,,,,31-12-2026,6,Tlaxcala,bpoynzerjx@unesco.org,1901073951,,
CuentaC,Kingsly Yandell,719,,2766,,9770.39,5611.66,25-03-2025,08-11-2026,,31-12-2026,,6,Tlaxcala,kyandelljy@wired.com,5262786692,,
CuentaN,Giana Wyleman,720,569,,5718.53,,,18-02-2025,,15-11-2025,,,5,Morelos,gwylemanjz@ehow.com,4096762144,GXKC200094WQN,Realbridge
CuentaN,Lauren Fisher,721,3655,,7372.65,,,20-01-2025,,27-03-2025,,,4,Guerrero,lfisherk0@comcast.net,9873072574,HOCN784787QND,Leexo
CuentaN,Munroe Flewitt,722,4917,,899.9,,,26-11-2025,,12-02-2025,,,1,Hidalgo,mflewittk1@360.cn,7598892525,VVJE369487XRA,Teklist
CuentaD,Quincy Gulberg,723,4270,,718.25,,,30-08-2025,,,,31-12-2026,4,Guerrero,qgulbergk2@go.com,4853187070,,
CuentaC,Care Roch,724,,1151,,8970.46,1312.19,27-11-2025,27-09-2026,,31-12-2026,,6,Tlaxcala,crochk3@xing.com,4609657543,,
CuentaN,Geoffrey Cymper,725,1180,,3833.41,,,28-06-2025,,29-08-2025,,,6,Tlaxcala,gcymperk4@foxnews.com,2428125339,ABMJ777450KIM,Skiptube
CuentaC,Tiffanie Blancowe,726,,6708,,337.53,260,19-11-2025,25-10-2026,,31-12-2026,,1,Hidalgo,tblancowek5@china.com.cn,7399197480,,
CuentaC,Feodora Furminger,727,,1726,,5017.08,4366,31-08-2025,02-07-2026,,31-12-2026,,1,Hidalgo,ffurmingerk6@usgs.gov,1905956070,,
CuentaC,Lindy Danzig,728,,8862,,749.49,388,29-03-2025,10-03-2026,,31-12-2026,,3,Puebla,ldanzigk7@miitbeian.gov.cn,3731605557,,
CuentaC,Nata Grisenthwaite,729,,1792,,7211.2,3133.94,24-10-2025,22-12-2026,,31-12-2026,,2,Jalisco,ngrisenthwaitek8@google.pl,1768928594,,
CuentaD,Seana Pleat,730,4819,,3696.19,,,27-10-2025,,,,31-12-2026,6,Tlaxcala,spleatk9@hao123.com,3519384000,,
CuentaN,Aili Doblin,731,4123,,4808.19,,,23-05-2025,,02-08-2025,,,6,Tlaxcala,adoblinka@army.mil,4059514161,UFNV071504AHQ,Dabshots
CuentaC,Louisa Dalgardno,732,,8277,,833.21,650,11-10-2025,10-06-2026,,31-12-2026,,5,Morelos,ldalgardnokb@hexun.com,2935567687,,
CuentaC,Eada Dabes,733,,3998,,8128.58,5410.57,10-05-2025,21-08-2026,,31-12-2026,,5,Morelos,edabeskc@qq.com,2505140651,,
CuentaD,Ida Simla,734,3831,,7914.36,,,13-01-2025,,,,31-12-2026,3,Puebla,isimlakd@newyorker.com,6281078082,,
CuentaD,Thibaut Mockes,735,3104,,7693.19,,,16-11-2025,,,,31-12-2026,3,Puebla,tmockeske@reverbnation.com,2579687361,,
CuentaC,Ulises Vispo,736,,4973,,8872.79,5279.61,04-04-2025,22-06-2026,,31-12-2026,,3,Puebla,uvispokf@omniture.com,7652380619,,
CuentaD,Jenni Michieli,737,316,,8102.94,,,15-10-2025,,,,31-12-2026,6,Tlaxcala,jmichielikg@stumbleupon.com,9001021084,,
CuentaC,Martita Mallam,738,,8337,,8548.22,2745,27-05-2025,02-05-2026,,31-12-2026,,2,Jalisco,mmallamkh@lulu.com,3908252152,,
CuentaC,Renato Battleson,739,,8204,,7814.53,942.27,19-02-2025,18-06-2026,,31-12-2026,,4,Guerrero,rbattlesonki@ask.com,8428167275,,
CuentaC,Roseanne Kislingbury,740,,4655,,1459.34,770,19-04-2025,31-08-2026,,31-12-2026,,5,Morelos,rkislingburykj@tumblr.com,2423713548,,
CuentaN,Giacomo Rydeard,741,3287,,2521.43,,,03-03-2025,,03-04-2025,,,2,Jalisco,grydeardkk@barnesandnoble.com,1616957829,WVGD724250HPX,Dynazzy
CuentaD,Randolf Matt,742,1350,,1911.27,,,24-03-2025,,,,31-12-2026,6,Tlaxcala,rmattkl@google.ru,5535909842,,
CuentaC,Dniren Bendson,743,,8198,,2635.98,1608,21-06-2025,24-09-2026,,31-12-2026,,1,Hidalgo,dbendsonkm@fema.gov,7126488643,,
CuentaD,Elisabeth Schwant,744,2209,,9508.89,,,01-07-2025,,,,31-12-2026,6,Tlaxcala,eschwantkn@de.vu,4559686316,,
CuentaN,Clarice Bilton,745,3598,,2843.36,,,22-12-2025,,08-03-2025,,,2,Jalisco,cbiltonko@godaddy.com,8912952681,NNZN460163DJX,Meevee
CuentaC,Nancie Maraga,746,,9292,,2519.97,973,07-03-2025,10-06-2026,,31-12-2026,,5,Morelos,nmaragakp@amazonaws.com,7946589133,,
CuentaC,Cindy Indge,747,,6763,,4435.44,687,29-12-2025,13-09-2026,,31-12-2026,,6,Tlaxcala,cindgekq@diigo.com,4421959699,,
CuentaC,Sandye Minico,748,,9850,,5660.98,5400.21,08-04-2025,30-12-2026,,31-12-2026,,1,Hidalgo,sminicokr@list-manage.com,9186302334,,
CuentaN,Bobby Sudlow,749,885,,8279.04,,,08-12-2025,,09-05-2025,,,6,Tlaxcala,bsudlowks@1688.com,8024136497,KNND350781BRA,Bluezoom
CuentaN,Ethelbert Sargison,750,2823,,2218.69,,,23-01-2025,,23-04-2025,,,5,Morelos,esargisonkt@hostgator.com,7605830035,NDNT593008LER,Avavee
CuentaD,Hedwig Cumberledge,751,2522,,814.18,,,25-10-2025,,,,31-12-2026,5,Morelos,hcumberledgeku@blog.com,7684245670,,
CuentaN,Jehanna Guillford,752,1648,,1131.98,,,11-04-2025,,27-04-2025,,,1,Hidalgo,jguillfordkv@ihg.com,5058971536,ITPN302124OVA,Zooxo
CuentaN,Cathrine Boylan,753,4041,,6.88,,,14-10-2025,,02-07-2025,,,1,Hidalgo,cboylankw@zimbio.com,2009253054,IIOO815642GHE,Browsecat
CuentaN,Patrizio Capner,754,3711,,2321.49,,,01-12-2025,,05-12-2025,,,3,Puebla,pcapnerkx@newyorker.com,8704734642,BWZM822085USQ,Agivu
CuentaD,Tildi Vause,755,2622,,1275.41,,,10-08-2025,,,,31-12-2026,4,Guerrero,tvauseky@irs.gov,7681956527,,
CuentaD,Cary Usherwood,756,3477,,8411.59,,,19-10-2025,,,,31-12-2026,1,Hidalgo,cusherwoodkz@youtube.com,7234276217,,
CuentaD,Corrinne Bellini,757,1175,,8024.9,,,11-11-2025,,,,31-12-2026,1,Hidalgo,cbellinil0@google.com,2108322061,,
CuentaN,Roderich Karppi,758,2888,,5527.23,,,09-06-2025,,25-02-2025,,,4,Guerrero,rkarppil1@abc.net.au,8065916373,WSMQ706635NDB,Rhyloo
CuentaD,Sam Willcock,759,1588,,5380.53,,,17-05-2025,,,,31-12-2026,4,Guerrero,swillcockl2@google.de,9533089999,,
CuentaC,Shina Conachy,760,,6396,,8612.89,2750.52,07-05-2025,23-12-2026,,31-12-2026,,4,Guerrero,sconachyl3@wiley.com,1627448873,,
CuentaD,Laughton Shepley,761,1451,,4587.57,,,16-10-2025,,,,31-12-2026,3,Puebla,lshepleyl4@vimeo.com,1603727640,,
CuentaN,Burg Birtles,762,2321,,4639.5,,,24-07-2025,,14-07-2025,,,3,Puebla,bbirtlesl5@weibo.com,1096451047,PMFH002028WKZ,Yakidoo
CuentaD,Kylie Goodlake,763,4756,,8836.32,,,25-03-2025,,,,31-12-2026,6,Tlaxcala,kgoodlakel6@europa.eu,1046226731,,
CuentaD,Laird Axel,764,1916,,4356.7,,,06-07-2025,,,,31-12-2026,3,Puebla,laxell7@google.fr,8568997914,,
CuentaD,Hamilton Garahan,765,2494,,1399.5,,,10-11-2025,,,,31-12-2026,1,Hidalgo,hgarahanl8@tripadvisor.com,5022918930,,
CuentaN,Estrellita Rivalant,766,4358,,2854.46,,,22-06-2025,,14-04-2025,,,2,Jalisco,erivalantl9@cdc.gov,2618779211,AZCR486440EQK,Jetpulse
CuentaD,Skip Lickess,767,2102,,4879.96,,,27-11-2025,,,,31-12-2026,1,Hidalgo,slickessla@wunderground.com,8313199571,,
CuentaN,Melodie Meakin,768,2165,,2681.7,,,20-11-2025,,01-08-2025,,,3,Puebla,mmeakinlb@wikipedia.org,4963010040,UROT048203VXE,Quaxo
CuentaN,Teddie Chazerand,769,3732,,5910.24,,,29-09-2025,,12-07-2025,,,5,Morelos,tchazerandlc@g.co,2392437595,VITV488727JYP,Kare
CuentaD,Deirdre Aronson,770,604,,1261.21,,,27-05-2025,,,,31-12-2026,2,Jalisco,daronsonld@arizona.edu,7605063662,,
CuentaD,Dona Dumbellow,771,311,,9185.96,,,18-08-2025,,,,31-12-2026,5,Morelos,ddumbellowle@businesswire.com,6003482930,,
CuentaN,Alayne Grinyov,772,2041,,2277.38,,,03-07-2025,,04-03-2025,,,1,Hidalgo,agrinyovlf@sciencedirect.com,6782094793,MYBB194635ZPD,Gabvine
CuentaC,Rolph Muncer,773,,4023,,6543.91,2272.26,16-09-2025,17-04-2026,,31-12-2026,,4,Guerrero,rmuncerlg@blogs.com,7964887742,,
CuentaC,Robina Larmuth,774,,9190,,6016.34,5389.04,27-01-2025,11-01-2026,,31-12-2026,,5,Morelos,rlarmuthlh@networkadvertising.org,2404056272,,
CuentaD,Ellen Hirtzmann,775,3739,,5784.56,,,10-03-2025,,,,31-12-2026,6,Tlaxcala,ehirtzmannli@wp.com,9491945490,,
CuentaD,Hugues Cluderay,776,2885,,7467.78,,,20-02-2025,,,,31-12-2026,3,Puebla,hcluderaylj@privacy.gov.au,7813767499,,
CuentaD,Maura Maymond,777,4478,,3515.67,,,05-09-2025,,,,31-12-2026,5,Morelos,mmaymondlk@newyorker.com,7907270794,,
CuentaN,Mari Sebyer,778,366,,6276.22,,,04-07-2025,,28-08-2025,,,3,Puebla,msebyerll@independent.co.uk,7603270818,TDSX981030JMF,Jaxnation
CuentaN,Tedda Bard,779,180,,8485.04,,,30-06-2025,,04-09-2025,,,5,Morelos,tbardlm@ovh.net,6729139039,WOVD115166VTM,Kanoodle
CuentaD,Kareem Delicate,780,2770,,3977.61,,,15-03-2025,,,,31-12-2026,2,Jalisco,kdelicateln@wired.com,3904837160,,
CuentaD,Cosetta Feare,781,3244,,8971.12,,,06-08-2025,,,,31-12-2026,5,Morelos,cfearelo@unicef.org,7349435794,,
CuentaC,Meryl Bryde,782,,8345,,2095.73,1706,29-01-2025,30-10-2026,,31-12-2026,,3,Puebla,mbrydelp@virginia.edu,7478698488,,
CuentaD,Cordie Bernardon,783,1905,,2311.09,,,20-12-2025,,,,31-12-2026,2,Jalisco,cbernardonlq@yellowbook.com,6834497801,,
CuentaD,Zahara Moffett,784,2713,,2223.5,,,12-09-2025,,,,31-12-2026,6,Tlaxcala,zmoffettlr@ucsd.edu,3779120262,,
CuentaN,Anatola Stearley,785,1745,,3390.04,,,21-01-2025,,07-04-2025,,,4,Guerrero,astearleyls@nsw.gov.au,1996548711,FOPF630178PLO,Voolith
CuentaC,Celle Thies,786,,1682,,1337.47,119.9,01-05-2025,30-08-2026,,31-12-2026,,3,Puebla,cthieslt@e-recht24.de,6163389109,,
CuentaD,Toinette Grzegorczyk,787,3815,,303.16,,,30-12-2025,,,,31-12-2026,3,Puebla,tgrzegorczyklu@google.nl,5719381978,,
CuentaD,Wanda Disley,788,4067,,3955.23,,,04-05-2025,,,,31-12-2026,5,Morelos,wdisleylv@ted.com,5659561356,,
CuentaN,Alecia Dreakin,789,2865,,9833.43,,,10-10-2025,,19-04-2025,,,3,Puebla,adreakinlw@jigsy.com,7917701941,IOIA495049VAI,Leenti
CuentaD,Cristen Ghiriardelli,790,1217,,7923.84,,,14-08-2025,,,,31-12-2026,4,Guerrero,cghiriardellilx@weather.com,8599957099,,
CuentaN,Feliks Medler,791,3867,,7593.23,,,04-01-2025,,08-01-2025,,,3,Puebla,fmedlerly@constantcontact.com,2301663641,KDCR626109BFP,Feedspan
CuentaN,Sharon Zanassi,792,513,,5395.7,,,11-11-2025,,05-08-2025,,,1,Hidalgo,szanassilz@amazon.com,3959444174,NWBH997858REU,Blogtags
CuentaN,Atlante Stoop,793,181,,308.51,,,25-01-2025,,12-02-2025,,,1,Hidalgo,astoopm0@cnet.com,6552328968,CYIF546693ZXU,Oba
CuentaN,Anabel Dinis,794,376,,4298.68,,,06-12-2025,,13-07-2025,,,4,Guerrero,adinism1@paypal.com,6452136943,ZORC515314TOP,Blogpad
CuentaD,Nap Wolstenholme,795,2436,,2005.15,,,24-04-2025,,,,31-12-2026,5,Morelos,nwolstenholmem2@nyu.edu,3537370899,,
CuentaC,Sully Quilter,796,,9427,,5130.23,4636,09-05-2025,09-04-2026,,31-12-2026,,5,Morelos,squilterm3@clickbank.net,7014144034,,
CuentaN,Cosmo Ayling,797,778,,835.22,,,04-12-2025,,15-12-2025,,,3,Puebla,caylingm4@comcast.net,5835819323,VCDL171658PKI,Vitz
CuentaN,Milka Tunn,798,2518,,4838.99,,,12-09-2025,,10-05-2025,,,4,Guerrero,mtunnm5@biglobe.ne.jp,2356849204,WPIK517396RMR,Yotz
CuentaC,Issie Gretham,799,,3246,,2081.58,835.7,07-08-2025,04-03-2026,,31-12-2026,,2,Jalisco,igrethamm6@forbes.com,2892337434,,
CuentaN,Branden Murray,800,4789,,2022.05,,,12-12-2025,,06-01-2025,,,2,Jalisco,bmurraym7@si.edu,2115693507,KIMB699149YOI,Skibox
CuentaD,Kikelia Jermin,801,2006,,5251.47,,,11-09-2025,,,,31-12-2026,3,Puebla,kjerminm8@drupal.org,7408145747,,
CuentaD,Garner Castanares,802,3078,,1997.06,,,18-02-2025,,,,31-12-2026,1,Hidalgo,gcastanaresm9@moonfruit.com,4466770112,,
CuentaD,Aeriel Swanton,803,3662,,1675.12,,,02-05-2025,,,,31-12-2026,5,Morelos,aswantonma@technorati.com,8738321886,,
CuentaC,Cherlyn Ells,804,,2408,,9942.99,5961.72,15-11-2025,17-07-2026,,31-12-2026,,5,Morelos,cellsmb@moonfruit.com,8607589497,,
CuentaC,Netti Tickner,805,,3483,,5155.16,4045.92,25-02-2025,18-07-2026,,31-12-2026,,3,Puebla,nticknermc@go.com,9271206612,,
CuentaN,Patsy Lorain,806,756,,310.26,,,27-06-2025,,14-12-2025,,,6,Tlaxcala,plorainmd@tinypic.com,2419867490,VLIS110921QOS,Feedfire
CuentaN,Pat Izkovitz,807,303,,821.87,,,30-01-2025,,31-01-2025,,,1,Hidalgo,pizkovitzme@admin.ch,5694871472,FJUN411154ZLA,Ntags
CuentaN,Annabelle McWhorter,808,4862,,7809.67,,,09-11-2025,,20-07-2025,,,6,Tlaxcala,amcwhortermf@gov.uk,8366058980,RZZD347356GYV,Dynabox
CuentaN,Kittie Pierton,809,546,,9752.27,,,13-04-2025,,13-06-2025,,,5,Morelos,kpiertonmg@icio.us,1454989265,JYIA909766YKG,Oozz
CuentaC,Gwenora Castiglio,810,,2753,,9732.81,3984.32,07-10-2025,10-08-2026,,31-12-2026,,1,Hidalgo,gcastigliomh@seattletimes.com,5744573320,,
CuentaN,Sax Friett,811,1022,,9936.07,,,03-02-2025,,16-10-2025,,,1,Hidalgo,sfriettmi@wired.com,7942606549,NSMY376509BPI,Riffpedia
CuentaC,Nikolia Brampton,812,,9358,,8937.37,6568.09,04-10-2025,12-01-2026,,31-12-2026,,5,Morelos,nbramptonmj@multiply.com,8306353032,,
CuentaC,Betteanne Cowser,813,,7163,,2171.36,298,21-11-2025,27-05-2026,,31-12-2026,,1,Hidalgo,bcowsermk@huffingtonpost.com,7012828516,,
CuentaC,Lindi Coultish,814,,4262,,6079.76,5413,27-07-2025,23-04-2026,,31-12-2026,,5,Morelos,lcoultishml@wordpress.com,2241486957,,
CuentaD,Arron Harcourt,815,1235,,7141.46,,,09-10-2025,,,,31-12-2026,4,Guerrero,aharcourtmm@angelfire.com,7925312824,,
CuentaD,Candie Pic,816,955,,7075.23,,,05-02-2025,,,,31-12-2026,5,Morelos,cpicmn@nasa.gov,7081668578,,
CuentaN,Alfredo Severns,817,4106,,5296.05,,,13-07-2025,,21-05-2025,,,2,Jalisco,asevernsmo@linkedin.com,8531292905,PZFR434691HBD,Twinte
CuentaD,Vin Kalkofen,818,4795,,3703.8,,,11-02-2025,,,,31-12-2026,5,Morelos,vkalkofenmp@miibeian.gov.cn,6289598806,,
CuentaN,Anna-diana Bradd,819,958,,510.46,,,28-06-2025,,23-04-2025,,,4,Guerrero,abraddmq@naver.com,3309730686,IJWF914896WNR,Meetz
CuentaC,Kurtis Harragin,820,,2892,,5677.6,4141.44,03-03-2025,12-07-2026,,31-12-2026,,6,Tlaxcala,kharraginmr@jigsy.com,1642812308,,
CuentaC,Pail Albrooke,821,,7046,,6163.68,2814.87,02-07-2025,09-09-2026,,31-12-2026,,5,Morelos,palbrookems@twitter.com,3935042288,,
CuentaN,Jessa Harsum,822,4057,,8311.24,,,31-01-2025,,27-11-2025,,,4,Guerrero,jharsummt@hubpages.com,8609523556,AIPP099679VDZ,Kanoodle
CuentaD,Terrance Town,823,343,,3027.11,,,25-07-2025,,,,31-12-2026,6,Tlaxcala,ttownmu@liveinternet.ru,7054460120,,
CuentaC,Ester Halesworth,824,,8908,,5173.47,385,18-08-2025,15-06-2026,,31-12-2026,,4,Guerrero,ehalesworthmv@infoseek.co.jp,4582912386,,
CuentaD,Lucian Marte,825,4468,,2722.33,,,17-02-2025,,,,31-12-2026,1,Hidalgo,lmartemw@angelfire.com,3039359722,,
CuentaN,Sheela Exall,826,4554,,8600.93,,,23-08-2025,,23-08-2025,,,5,Morelos,sexallmx@pcworld.com,3923917679,FHYV533173QPJ,Katz
CuentaC,Neddy Iacovuzzi,827,,8933,,5791.92,3560.92,20-05-2025,23-01-2026,,31-12-2026,,1,Hidalgo,niacovuzzimy@liveinternet.ru,8617991442,,
CuentaC,Else Spiniello,828,,4799,,6961.25,2265.29,07-02-2025,29-10-2026,,31-12-2026,,3,Puebla,espiniellomz@sphinn.com,5081384122,,
CuentaN,Enrika Ennion,829,2299,,245.74,,,18-12-2025,,15-12-2025,,,5,Morelos,eennionn0@skype.com,8884413727,DWSE048132RLW,Oyoyo
CuentaD,Yetta Maitland,830,3236,,2927.22,,,13-12-2025,,,,31-12-2026,6,Tlaxcala,ymaitlandn1@google.com,3402645992,,
CuentaC,Kristofor Tomlin,831,,9737,,295.15,121,04-06-2025,27-10-2026,,31-12-2026,,6,Tlaxcala,ktomlinn2@unc.edu,5798491822,,
CuentaN,Netti Hylands,832,239,,5228.12,,,31-03-2025,,09-08-2025,,,5,Morelos,nhylandsn3@people.com.cn,5192235817,TVVE568468IFJ,Riffpath
CuentaD,Antonin Batterton,833,4863,,8132.17,,,29-06-2025,,,,31-12-2026,6,Tlaxcala,abattertonn4@un.org,3141991573,,
CuentaC,Irwin Denyakin,834,,9904,,8351.07,3922.72,11-08-2025,26-10-2026,,31-12-2026,,5,Morelos,idenyakinn5@soup.io,7114446463,,
CuentaN,Chevalier Jore,835,3738,,2641.16,,,03-09-2025,,16-11-2025,,,5,Morelos,cjoren6@ocn.ne.jp,4972940053,MKEK479967HCB,Tagcat
CuentaC,Genni Corah,836,,7615,,601.28,75,30-10-2025,24-01-2026,,31-12-2026,,1,Hidalgo,gcorahn7@time.com,9623739472,,
CuentaC,Shannan Schneidau,837,,4069,,207.9,94,03-12-2025,19-04-2026,,31-12-2026,,3,Puebla,sschneidaun8@example.com,6171267324,,
CuentaN,Nancie Bart,838,1847,,6862.68,,,13-06-2025,,04-08-2025,,,2,Jalisco,nbartn9@bing.com,2921971612,BJSX260778YIJ,Gabtype
CuentaC,Laryssa Tomasini,839,,8023,,9956.4,3680.08,15-05-2025,13-05-2026,,31-12-2026,,6,Tlaxcala,ltomasinina@webnode.com,2299113502,,
CuentaN,Anthea Durman,840,726,,4461.88,,,08-05-2025,,27-05-2025,,,6,Tlaxcala,adurmannb@netvibes.com,3936281246,SSOJ622562LXY,Skippad
CuentaN,Wilmer Wolfit,841,3986,,8149.24,,,17-09-2025,,26-02-2025,,,2,Jalisco,wwolfitnc@wp.com,5187679026,HRBH082157SWS,Quatz
CuentaC,Windy McLevie,842,,2727,,5954.36,308.55,04-03-2025,11-07-2026,,31-12-2026,,3,Puebla,wmcleviend@fotki.com,4258607122,,
CuentaD,Myca Tetford,843,3840,,8276.04,,,23-10-2025,,,,31-12-2026,5,Morelos,mtetfordne@google.es,3914439159,,
CuentaC,Burton Brandes,844,,7645,,4348.87,3204,28-05-2025,13-02-2026,,31-12-2026,,4,Guerrero,bbrandesnf@netlog.com,3126999502,,
CuentaC,Cornelle Grimwood,845,,3262,,3172.42,1867,01-04-2025,29-11-2026,,31-12-2026,,1,Hidalgo,cgrimwoodng@blogspot.com,6252817814,,
CuentaC,Camellia Varsey,846,,2940,,3799.77,2345.74,21-06-2025,02-09-2026,,31-12-2026,,4,Guerrero,cvarseynh@macromedia.com,4196336194,,
CuentaC,Bryn Mowsdill,847,,2761,,1807.22,1130,30-10-2025,26-01-2026,,31-12-2026,,5,Morelos,bmowsdillni@tumblr.com,8368900427,,
CuentaD,Kincaid Breznovic,848,1750,,7971.19,,,03-01-2025,,,,31-12-2026,6,Tlaxcala,kbreznovicnj@tiny.cc,3023587778,,
CuentaN,Gav Daice,849,2584,,3425.91,,,22-10-2025,,12-06-2025,,,1,Hidalgo,gdaicenk@google.fr,5977489688,ESRG019558CAO,Jabberstorm
CuentaN,Sharyl Kliesl,850,149,,5234.76,,,28-06-2025,,01-03-2025,,,3,Puebla,sklieslnl@joomla.org,9056785071,EAXQ020457FMB,Avamba
CuentaN,Wyatan Cheater,851,4115,,9522.97,,,16-02-2025,,16-11-2025,,,6,Tlaxcala,wcheaternm@rakuten.co.jp,8856830252,OIMB619977EKY,Mymm
CuentaD,Nora Shermar,852,966,,4033.88,,,22-08-2025,,,,31-12-2026,2,Jalisco,nshermarnn@xrea.com,8147504289,,
CuentaD,Nessy Norwich,853,2285,,56.6,,,01-08-2025,,,,31-12-2026,5,Morelos,nnorwichno@moonfruit.com,8984476037,,
CuentaD,Robena Kirkbride,854,3404,,8088.4,,,05-01-2025,,,,31-12-2026,2,Jalisco,rkirkbridenp@ustream.tv,5389602058,,
CuentaN,Kyla Andre,855,4888,,5040.87,,,16-01-2025,,08-12-2025,,,2,Jalisco,kandrenq@ft.com,5624973764,FTSB217283LPV,Geba
CuentaC,Cyndia Godain,856,,3839,,9498.61,8518.97,10-01-2025,25-02-2026,,31-12-2026,,1,Hidalgo,cgodainnr@sitemeter.com,9103404191,,
CuentaC,Domingo Feckey,857,,7525,,8881.0,5203.37,01-02-2025,20-03-2026,,31-12-2026,,1,Hidalgo,dfeckeyns@drupal.org,8418327847,,
CuentaN,Erastus Hallford,858,4728,,6782.77,,,26-07-2025,,30-11-2025,,,6,Tlaxcala,ehallfordnt@java.com,3449710528,BURQ384001FUJ,Yata
CuentaC,Sean Eilers,859,,2978,,2746.86,1905.18,03-04-2025,16-09-2026,,31-12-2026,,5,Morelos,seilersnu@accuweather.com,7139214276,,
CuentaD,Nathanael Rosoni,860,2215,,3455.82,,,23-11-2025,,,,31-12-2026,5,Morelos,nrosoninv@xinhuanet.com,7177181777,,
CuentaN,Francoise Shortt,861,2204,,4447.24,,,05-10-2025,,01-10-2025,,,2,Jalisco,fshorttnw@1und1.de,3849118123,FYIG370272KUD,Skimia
CuentaC,Amelia Anthill,862,,4098,,4301.05,153,03-05-2025,18-04-2026,,31-12-2026,,4,Guerrero,aanthillnx@webs.com,4694878431,,
CuentaD,Jasun Dunlap,863,4129,,5958.77,,,09-07-2025,,,,31-12-2026,2,Jalisco,jdunlapny@ed.gov,3151697485,,
CuentaD,Rossy Dabnor,864,3285,,5157.55,,,20-04-2025,,,,31-12-2026,6,Tlaxcala,rdabnornz@ebay.co.uk,3727872769,,
CuentaN,Warden Beeden,865,1864,,135.99,,,06-07-2025,,01-09-2025,,,3,Puebla,wbeedeno0@dot.gov,3035711239,MHIO984691KWE,Rhycero
CuentaN,Stephenie Knevit,866,997,,1158.18,,,14-12-2025,,03-08-2025,,,5,Morelos,sknevito1@epa.gov,7426987954,JPVM296986ZCV,Dazzlesphere
CuentaC,Janka Snelgar,867,,9242,,9518.34,1767.35,21-11-2025,29-03-2026,,31-12-2026,,2,Jalisco,jsnelgaro2@reference.com,3328659809,,
CuentaD,Wandis Blodget,868,2265,,5557.24,,,03-04-2025,,,,31-12-2026,6,Tlaxcala,wblodgeto3@sitemeter.com,9006908019,,
CuentaD,Blaine Jackson,869,3901,,3545.01,,,30-12-2025,,,,31-12-2026,2,Jalisco,bjacksono4@1688.com,2178503376,,
CuentaD,Ashby Castelijn,870,3156,,8765.91,,,09-11-2025,,,,31-12-2026,6,Tlaxcala,acastelijno5@va.gov,5053413717,,
CuentaN,Fania Grayling,871,3373,,9942.64,,,26-06-2025,,27-11-2025,,,3,Puebla,fgraylingo6@deviantart.com,8369627240,BCIG567343VDG,Dynabox
CuentaN,Helen Jeremaes,872,983,,1527.21,,,13-02-2025,,25-01-2025,,,4,Guerrero,hjeremaeso7@cisco.com,1601208246,WDDB573719SPO,Oozz
CuentaD,Sabina Bennie,873,2764,,3236.02,,,04-11-2025,,,,31-12-2026,2,Jalisco,sbennieo8@ow.ly,9013448783,,
CuentaD,Kendre Mixter,874,4885,,3986.61,,,25-06-2025,,,,31-12-2026,4,Guerrero,kmixtero9@sphinn.com,8928225079,,
CuentaC,Lucias Lanktree,875,,9999,,7859.8,871,10-09-2025,06-12-2026,,31-12-2026,,4,Guerrero,llanktreeoa@1und1.de,9042076406,,
CuentaN,Anjela Jizhaki,876,21,,3590.28,,,25-01-2025,,07-12-2025,,,2,Jalisco,ajizhakiob@indiatimes.com,3126407015,MDMT992123LWF,Thoughtsphere
CuentaC,Katherina Rablan,877,,8685,,9706.39,2099.27,26-03-2025,05-06-2026,,31-12-2026,,3,Puebla,krablanoc@ftc.gov,1735070373,,
CuentaN,Georgette Tebboth,878,4746,,8243.23,,,09-01-2025,,29-08-2025,,,3,Puebla,gtebbothod@simplemachines.org,1712684512,NTQP905410QOW,Mymm
CuentaN,Leonie Tabour,879,2521,,3535.11,,,20-05-2025,,03-11-2025,,,5,Morelos,ltabouroe@ebay.com,4723600535,HHTN387428SVO,Kare
CuentaC,Juline Holligan,880,,7380,,6728.12,3889.17,04-07-2025,22-08-2026,,31-12-2026,,5,Morelos,jholliganof@phoca.cz,7592588347,,
CuentaC,Jamaal Gidden,881,,4085,,9526.1,8376.99,12-06-2025,04-11-2026,,31-12-2026,,2,Jalisco,jgiddenog@vimeo.com,2135158451,,
CuentaD,Debi Colborn,882,4368,,8418.15,,,13-08-2025,,,,31-12-2026,4,Guerrero,dcolbornoh@fc2.com,8033038369,,
CuentaD,Lucius Shackleton,883,650,,1989.82,,,17-11-2025,,,,31-12-2026,6,Tlaxcala,lshackletonoi@mysql.com,8985600511,,
CuentaN,Cammy Brammer,884,3021,,6922.06,,,24-04-2025,,14-03-2025,,,1,Hidalgo,cbrammeroj@eventbrite.com,8493422491,OFKI188980MVC,Wordware
CuentaD,Lissi Coburn,885,4105,,7871.69,,,12-01-2025,,,,31-12-2026,6,Tlaxcala,lcoburnok@altervista.org,4968927575,,
CuentaD,Janey Gettens,886,4892,,1906.12,,,16-08-2025,,,,31-12-2026,6,Tlaxcala,jgettensol@wunderground.com,3835716334,,
CuentaD,Brear Pheasey,887,1534,,8335.21,,,29-03-2025,,,,31-12-2026,5,Morelos,bpheaseyom@joomla.org,3734914315,,
CuentaD,Coraline Descroix,888,3090,,2131.68,,,20-06-2025,,,,31-12-2026,1,Hidalgo,cdescroixon@biblegateway.com,6125206508,,
CuentaD,Irvin Maddinon,889,4730,,9507.51,,,07-12-2025,,,,31-12-2026,4,Guerrero,imaddinonoo@angelfire.com,3193486503,,
CuentaN,Clyde Toulamain,890,4969,,2238.48,,,16-03-2025,,16-06-2025,,,2,Jalisco,ctoulamainop@acquirethisname.com,5285922595,FIDT336710SBY,Babbleset
CuentaD,Valerye Gaspar,891,4623,,4895.75,,,09-08-2025,,,,31-12-2026,6,Tlaxcala,vgasparoq@google.cn,6995490830,,
CuentaC,Timmy Arlow,892,,7763,,3639.36,1997.35,18-02-2025,29-03-2026,,31-12-2026,,1,Hidalgo,tarlowor@seattletimes.com,4438184188,,
CuentaC,Kirsteni Rosengart,893,,4709,,3713.22,3018,16-10-2025,26-10-2026,,31-12-2026,,5,Morelos,krosengartos@latimes.com,9019842694,,
CuentaN,Spense Broggetti,894,1589,,1806.79,,,03-09-2025,,06-03-2025,,,3,Puebla,sbroggettiot@globo.com,5845644297,PFTG510198QOS,Vinder
CuentaN,Pansy Baus,895,486,,1028.36,,,23-07-2025,,07-04-2025,,,4,Guerrero,pbausou@va.gov,9191783575,BAFM547324GNA,Rhynyx
CuentaN,Katha Gallahue,896,1959,,3715.98,,,06-06-2025,,28-06-2025,,,6,Tlaxcala,kgallahueov@admin.ch,7624097546,ARVY891841TZI,Teklist
CuentaD,Raimundo Hulland,897,4148,,6631.49,,,03-11-2025,,,,31-12-2026,4,Guerrero,rhullandow@economist.com,8756059526,,
CuentaN,Esmaria Penke,898,515,,6988.56,,,31-05-2025,,03-12-2025,,,5,Morelos,epenkeox@independent.co.uk,9526328963,YXTF845337YVP,Flipstorm
CuentaD,Charmian Deners,899,4794,,9307.44,,,28-09-2025,,,,31-12-2026,1,Hidalgo,cdenersoy@patch.com,7479424889,,
CuentaC,Guillemette Donohue,900,,7551,,4278.19,3245.7,25-02-2025,16-10-2026,,31-12-2026,,6,Tlaxcala,gdonohueoz@naver.com,8851856010,,
CuentaC,Nappie Else,901,,1805,,2406.5,2063.16,12-11-2025,12-06-2026,,31-12-2026,,2,Jalisco,nelsep0@ucsd.edu,6684089093,,
CuentaC,Una Shillaker,902,,4248,,408.78,189,23-10-2025,24-06-2026,,31-12-2026,,4,Guerrero,ushillakerp1@nbcnews.com,1861279945,,
CuentaN,Merrill Durrington,903,1092,,2787.91,,,30-04-2025,,16-10-2025,,,5,Morelos,mdurringtonp2@ezinearticles.com,9884728985,LXPO823184VSE,Oyoba
CuentaD,Sigfried Canizares,904,2577,,8244.61,,,07-02-2025,,,,31-12-2026,1,Hidalgo,scanizaresp3@squidoo.com,8831346414,,
CuentaD,Claudio Gregoire,905,4090,,3686.9,,,20-11-2025,,,,31-12-2026,1,Hidalgo,cgregoirep4@mail.ru,8793986432,,
CuentaD,Tobiah Faughey,906,546,,2128.7,,,05-12-2025,,,,31-12-2026,4,Guerrero,tfaugheyp5@odnoklassniki.ru,5421752951,,
CuentaN,Carlo Zarfai,907,2999,,8785.63,,,15-12-2025,,01-09-2025,,,3,Puebla,czarfaip6@free.fr,7353216632,YHEJ439600CHB,Lajo
CuentaC,Max Youhill,908,,1028,,3929.6,1102.16,31-08-2025,11-05-2026,,31-12-2026,,5,Morelos,myouhillp7@issuu.com,3324882921,,
CuentaC,Maggie Americi,909,,9157,,6641.06,316.07,26-07-2025,03-07-2026,,31-12-2026,,4,Guerrero,mamericip8@soundcloud.com,3236053384,,
CuentaD,Joann Girauld,910,2082,,1775.57,,,09-12-2025,,,,31-12-2026,5,Morelos,jgirauldp9@chicagotribune.com,8197365908,,
CuentaC,Florentia Jiricka,911,,4132,,4545.46,901,20-09-2025,08-06-2026,,31-12-2026,,1,Hidalgo,fjirickapa@ibm.com,6401367412,,
CuentaD,Theodosia Wickliffe,912,2047,,3617.18,,,27-10-2025,,,,31-12-2026,6,Tlaxcala,twickliffepb@homestead.com,3685185947,,
CuentaN,Holly De Gouy,913,1650,,5776.77,,,19-04-2025,,27-06-2025,,,6,Tlaxcala,hdepc@sun.com,2368622007,WNBD022695VPV,Quaxo
CuentaN,Rosella Miroy,914,3206,,1843.36,,,21-09-2025,,26-08-2025,,,4,Guerrero,rmiroypd@statcounter.com,5196808282,VYHT068307GPU,Latz
CuentaN,Frankie Poyntz,915,1767,,3779.89,,,01-09-2025,,14-09-2025,,,3,Puebla,fpoyntzpe@weibo.com,6913428258,TSNH906246XVQ,Wordtune
CuentaC,Adriane Duns,916,,7991,,6488.87,4846.53,03-12-2025,04-08-2026,,31-12-2026,,1,Hidalgo,adunspf@squarespace.com,2343699955,,
CuentaC,Maude Flemmich,917,,5036,,2890.07,1112,14-08-2025,05-02-2026,,31-12-2026,,5,Morelos,mflemmichpg@usatoday.com,7559142413,,
CuentaN,Roch Glas,918,3349,,7835.14,,,20-11-2025,,24-03-2025,,,2,Jalisco,rglasph@goodreads.com,5606872312,EDRF048411ZPE,Eayo
CuentaD,Thorpe Domeny,919,1875,,259.1,,,11-09-2025,,,,31-12-2026,6,Tlaxcala,tdomenypi@about.me,7261731765,,
CuentaN,Ailis Idle,920,4870,,9708.86,,,10-05-2025,,02-05-2025,,,1,Hidalgo,aidlepj@nbcnews.com,1713073930,UWTR658070EGQ,Trupe
CuentaD,Dredi Kenyon,921,196,,871.32,,,06-02-2025,,,,31-12-2026,6,Tlaxcala,dkenyonpk@sohu.com,1714551727,,
CuentaD,Kerstin Batrop,922,3925,,8307.08,,,27-09-2025,,,,31-12-2026,2,Jalisco,kbatroppl@harvard.edu,9421096433,,
CuentaC,Erhard Mityashin,923,,4752,,1200.63,1090,27-06-2025,07-09-2026,,31-12-2026,,3,Puebla,emityashinpm@gov.uk,4434223619,,
CuentaN,Bert Skingle,924,4279,,6195.7,,,17-10-2025,,13-12-2025,,,2,Jalisco,bskinglepn@tmall.com,8436493508,LGUS121732OZR,Devpulse
CuentaN,Camella Epps,925,2743,,8246.22,,,14-12-2025,,01-03-2025,,,4,Guerrero,ceppspo@diigo.com,6662749995,MVFL848412PWS,Reallinks
CuentaC,Ingmar Couronne,926,,7031,,9064.4,8819.06,28-05-2025,26-03-2026,,31-12-2026,,4,Guerrero,icouronnepp@t-online.de,3522802825,,
CuentaN,Tobey Pietruschka,927,570,,7820.59,,,17-07-2025,,14-09-2025,,,3,Puebla,tpietruschkapq@nhs.uk,1036543074,QAZJ841151PNY,Babblestorm
CuentaN,Mike Ecclesall,928,1722,,1652.95,,,14-07-2025,,28-04-2025,,,4,Guerrero,mecclesallpr@xrea.com,7105489291,FOJL260826ZKB,Quaxo
CuentaN,Isidoro Lowry,929,1185,,4742.67,,,08-12-2025,,13-06-2025,,,2,Jalisco,ilowryps@google.cn,3228576171,GQTJ846336IRM,Miboo
CuentaC,Jessalin Scoggins,930,,5280,,9996.25,4035.78,07-12-2025,05-01-2026,,31-12-2026,,5,Morelos,jscogginspt@bbc.co.uk,8987442654,,
CuentaC,Deb Fronks,931,,3661,,6208.54,1639,26-06-2025,13-03-2026,,31-12-2026,,6,Tlaxcala,dfronkspu@digg.com,5067403134,,
CuentaD,Marleen Gudge,932,474,,5462.27,,,27-07-2025,,,,31-12-2026,6,Tlaxcala,mgudgepv@cdbaby.com,1186070576,,
CuentaC,Nert Lassen,933,,3387,,7148.98,4628.06,03-02-2025,10-12-2026,,31-12-2026,,3,Puebla,nlassenpw@upenn.edu,3272855545,,
CuentaD,Auberon Yurocjkin,934,1769,,3279.93,,,29-01-2025,,,,31-12-2026,5,Morelos,ayurocjkinpx@sakura.ne.jp,4225513599,,
CuentaC,Brigit Gilbart,935,,3395,,7604.7,6151.48,20-04-2025,23-06-2026,,31-12-2026,,6,Tlaxcala,bgilbartpy@linkedin.com,1431655673,,
CuentaN,Alameda Sweynson,936,648,,3337.24,,,10-03-2025,,20-06-2025,,,2,Jalisco,asweynsonpz@pen.io,9449329448,WCNG206409SMR,Minyx
CuentaC,Rey Hindsberg,937,,6681,,5495.32,5421.8,22-06-2025,22-01-2026,,31-12-2026,,3,Puebla,rhindsbergq0@gnu.org,8635940760,,
CuentaN,Rhodia Busswell,938,648,,2122.88,,,24-12-2025,,15-08-2025,,,6,Tlaxcala,rbusswellq1@tiny.cc,3179123474,UJJI468105EMQ,Jaxbean
CuentaN,Jase Kenny,939,965,,7481.3,,,13-09-2025,,10-08-2025,,,6,Tlaxcala,jkennyq2@nature.com,3598944662,DLIY801237TKQ,Zoovu
CuentaN,Wally Cotman,940,4764,,3413.44,,,26-08-2025,,06-03-2025,,,1,Hidalgo,wcotmanq3@usa.gov,9421508914,AIKY370986XPP,Buzzbean
CuentaN,Rasla Cake,941,1682,,9626.55,,,14-11-2025,,01-10-2025,,,4,Guerrero,rcakeq4@timesonline.co.uk,7332739850,EYEE208716OQN,Dynabox
CuentaN,Davis Whatman,942,4179,,471.16,,,14-01-2025,,05-10-2025,,,4,Guerrero,dwhatmanq5@gov.uk,8795714790,VWAY668019YPE,InnoZ
CuentaN,Cheston Vasyukhichev,943,2420,,1399.27,,,12-09-2025,,04-01-2025,,,4,Guerrero,cvasyukhichevq6@admin.ch,5059024757,OKEU102918QAJ,Oyope
CuentaN,Joya Gergely,944,4100,,7263.93,,,27-10-2025,,05-06-2025,,,1,Hidalgo,jgergelyq7@hugedomains.com,8889446777,MWKW918345KAG,Tagcat
CuentaC,Jacqueline Chipman,945,,2124,,7423.9,5566,07-02-2025,02-04-2026,,31-12-2026,,3,Puebla,jchipmanq8@kickstarter.com,4867670364,,
CuentaN,Ethelind Pettis,946,4008,,3247.89,,,10-02-2025,,29-08-2025,,,2,Jalisco,epettisq9@indiatimes.com,7593752625,BKWQ747294PUQ,Kwimbee
CuentaC,Elfie Druitt,947,,2908,,3376.4,816,12-03-2025,08-01-2026,,31-12-2026,,6,Tlaxcala,edruittqa@answers.com,4933034770,,
CuentaN,Reube Gilliard,948,1851,,2672.31,,,23-06-2025,,29-07-2025,,,2,Jalisco,rgilliardqb@histats.com,9495555864,ASAU831186LTA,Skippad
CuentaN,Thatcher Corker,949,434,,5772.29,,,11-05-2025,,25-06-2025,,,6,Tlaxcala,tcorkerqc@blogs.com,8854107333,NJSB544314RHJ,Realblab
CuentaN,Lorant Rumbellow,950,4873,,9393.44,,,25-04-2025,,02-12-2025,,,4,Guerrero,lrumbellowqd@admin.ch,9017920342,OEMY587053OOY,Kayveo
CuentaD,Colman Ripper,951,4271,,9725.04,,,03-09-2025,,,,31-12-2026,5,Morelos,cripperqe@netlog.com,7349890565,,
CuentaC,Sal Friberg,952,,6601,,6162.08,698,26-03-2025,13-10-2026,,31-12-2026,,2,Jalisco,sfribergqf@sbwire.com,8083502990,,
CuentaC,Maible Tomczynski,953,,4137,,9460.4,170.08,05-09-2025,10-11-2026,,31-12-2026,,2,Jalisco,mtomczynskiqg@yale.edu,8912313604,,
CuentaD,Anthia Taillant,954,433,,5481.82,,,08-11-2025,,,,31-12-2026,6,Tlaxcala,ataillantqh@psu.edu,8995829020,,
CuentaN,Simonne Bygrove,955,782,,5832.74,,,21-07-2025,,27-07-2025,,,1,Hidalgo,sbygroveqi@bandcamp.com,9279554282,QMIY467420QSG,Livepath
CuentaD,Helge Gagen,956,2937,,9357.12,,,30-04-2025,,,,31-12-2026,6,Tlaxcala,hgagenqj@gizmodo.com,5429124984,,
CuentaC,Ted Winny,957,,8075,,7545.98,7476.85,28-12-2025,22-03-2026,,31-12-2026,,1,Hidalgo,twinnyqk@meetup.com,7728844553,,
CuentaN,Buddie Melby,958,4911,,2168.21,,,05-02-2025,,13-11-2025,,,5,Morelos,bmelbyql@biglobe.ne.jp,5146414701,TRCQ884455LWM,Dabjam
CuentaD,Ennis Filipowicz,959,1799,,252.87,,,22-01-2025,,,,31-12-2026,1,Hidalgo,efilipowiczqm@alexa.com,8529025902,,
CuentaN,Gay Bonnor,960,3439,,4927.75,,,22-04-2025,,16-03-2025,,,1,Hidalgo,gbonnorqn@php.net,5015387514,DSBD788793QCE,Skippad
CuentaN,Florance Blockwell,961,259,,522.16,,,08-01-2025,,28-05-2025,,,4,Guerrero,fblockwellqo@soundcloud.com,6479416232,QUCP348528KTP,Zoombeat
CuentaD,Hamil Boulstridge,962,2281,,6911.78,,,18-12-2025,,,,31-12-2026,6,Tlaxcala,hboulstridgeqp@cdbaby.com,5872093546,,
CuentaC,Annamarie Devaney,963,,2319,,2478.19,167,08-10-2025,09-02-2026,,31-12-2026,,1,Hidalgo,adevaneyqq@list-manage.com,2695485265,,
CuentaN,Oswell Freeborne,964,2672,,8252.3,,,14-05-2025,,02-10-2025,,,5,Morelos,ofreeborneqr@gmpg.org,4322493372,OYBR531976FZQ,Ntag
CuentaN,Alida Frenzl,965,940,,6334.0,,,06-07-2025,,30-01-2025,,,4,Guerrero,afrenzlqs@exblog.jp,4609236035,STOU857965EHA,Thoughtblab
CuentaN,Sella Poschel,966,670,,7831.69,,,09-11-2025,,05-08-2025,,,2,Jalisco,sposchelqt@eepurl.com,9106735502,CTDR124970LFB,Realcube
CuentaC,Sholom Birkett,967,,1859,,6770.36,1607.65,01-11-2025,03-12-2026,,31-12-2026,,1,Hidalgo,sbirkettqu@woothemes.com,3296266580,,
CuentaC,Cinnamon Emm,968,,9518,,9980.7,3966.21,01-12-2025,19-11-2026,,31-12-2026,,1,Hidalgo,cemmqv@sciencedaily.com,5559232637,,
CuentaC,Fedora Brikner,969,,3703,,2980.75,2604,23-05-2025,29-03-2026,,31-12-2026,,4,Guerrero,fbriknerqw@slashdot.org,2936437974,,
CuentaN,Carmita Sapwell,970,2938,,3396.9,,,05-10-2025,,01-04-2025,,,1,Hidalgo,csapwellqx@about.me,9838532709,OUAP041784UTS,Livepath
CuentaD,Morgan Ding,971,3408,,866.78,,,30-08-2025,,,,31-12-2026,5,Morelos,mdingqy@opera.com,2193369775,,
CuentaN,Yelena Brydson,972,3527,,550.3,,,04-02-2025,,10-08-2025,,,2,Jalisco,ybrydsonqz@telegraph.co.uk,4911214984,DDAA984778VVX,Topdrive
CuentaN,Lucia Clayton,973,4039,,6591.69,,,10-01-2025,,29-07-2025,,,2,Jalisco,lclaytonr0@alibaba.com,6523147909,TGBZ443346VCZ,Dynabox
CuentaN,Pernell Noteyoung,974,2785,,4835.7,,,11-08-2025,,29-10-2025,,,3,Puebla,pnoteyoungr1@yelp.com,7406091869,DPKM318933GAF,Gabvine
CuentaC,Dorothy Le Merchant,975,,2256,,7903.33,4949.41,20-02-2025,24-04-2026,,31-12-2026,,5,Morelos,dler2@blinklist.com,9642525060,,
CuentaC,Alexei Bugg,976,,3012,,5782.28,2863,13-11-2025,19-08-2026,,31-12-2026,,4,Guerrero,abuggr3@paypal.com,4141810776,,
CuentaN,Janelle Jelks,977,2637,,6122.35,,,20-02-2025,,22-01-2025,,,3,Puebla,jjelksr4@oracle.com,8416359487,AXHZ873925DLZ,Realblab
CuentaN,Winston Westcarr,978,1894,,4618.77,,,04-08-2025,,26-05-2025,,,5,Morelos,wwestcarrr5@weather.com,9981151327,KWZV621400FTD,Zoomcast
CuentaC,Nikolaos Sutcliffe,979,,3351,,8820.73,5499.01,21-07-2025,31-07-2026,,31-12-2026,,2,Jalisco,nsutcliffer6@hud.gov,3276572361,,
CuentaD,Pooh Whitnall,980,3033,,4445.9,,,02-06-2025,,,,31-12-2026,3,Puebla,pwhitnallr7@marketwatch.com,1819166891,,
CuentaC,Edie Leamon,981,,5317,,1078.3,766,04-07-2025,07-09-2026,,31-12-2026,,6,Tlaxcala,eleamonr8@icio.us,5052304183,,
CuentaC,Blinni Graeme,982,,3847,,4478.29,2102,09-04-2025,15-03-2026,,31-12-2026,,6,Tlaxcala,bgraemer9@home.pl,2848795931,,
CuentaD,Barby Kesteven,983,1321,,4813.17,,,11-06-2025,,,,31-12-2026,1,Hidalgo,bkestevenra@163.com,4815351720,,
CuentaD,Burlie McKennan,984,1596,,8432.83,,,28-12-2025,,,,31-12-2026,4,Guerrero,bmckennanrb@va.gov,6684495041,,
CuentaC,Nobie Nevinson,985,,6962,,933.92,169,08-03-2025,13-02-2026,,31-12-2026,,4,Guerrero,nnevinsonrc@spiegel.de,1611575804,,
CuentaD,Cherey Franck,986,3374,,1592.58,,,08-09-2025,,,,31-12-2026,3,Puebla,cfranckrd@youtu.be,1175947678,,
CuentaD,Michaeline Menezes,987,772,,8391.21,,,17-08-2025,,,,31-12-2026,6,Tlaxcala,mmenezesre@hao123.com,2759645480,,
CuentaD,Sibley Shrieve,988,2374,,6475.29,,,04-03-2025,,,,31-12-2026,1,Hidalgo,sshrieverf@devhub.com,8973386881,,
CuentaC,Ronalda Malyj,989,,9026,,8751.32,3110,12-08-2025,04-03-2026,,31-12-2026,,3,Puebla,rmalyjrg@paypal.com,2798558405,,
CuentaC,Yetty Doggrell,990,,8713,,8118.91,7918.24,18-05-2025,24-11-2026,,31-12-2026,,1,Hidalgo,ydoggrellrh@dyndns.org,2172774800,,
CuentaD,Claudina Scutter,991,3521,,2506.02,,,27-08-2025,,,,31-12-2026,1,Hidalgo,cscutterri@wisc.edu,4368714038,,
CuentaD,Delmer Haith,992,816,,2811.45,,,28-09-2025,,,,31-12-2026,6,Tlaxcala,dhaithrj@hibu.com,4804936462,,
CuentaC,Katina Yarwood,993,,1077,,5338.77,3933.3,01-02-2025,03-02-2026,,31-12-2026,,5,Morelos,kyarwoodrk@nih.gov,2179615436,,
CuentaC,Wilhelmina Grahamslaw,994,,2683,,5623.89,1803.14,21-11-2025,03-09-2026,,31-12-2026,,5,Morelos,wgrahamslawrl@noaa.gov,2813249803,,
CuentaC,Allyson Colthard,995,,2849,,4141.47,1855.49,01-04-2025,06-02-2026,,31-12-2026,,2,Jalisco,acolthardrm@jigsy.com,9917819639,,
CuentaC,Hillery Orrell,996,,8103,,4841.38,4432.84,16-09-2025,05-08-2026,,31-12-2026,,1,Hidalgo,horrellrn@craigslist.org,3323357269,,
CuentaC,Eugine Blinckhorne,997,,4249,,8773.98,5483.03,13-12-2025,10-11-2026,,31-12-2026,,6,Tlaxcala,eblinckhornero@360.cn,3312361276,,
CuentaN,Keary Thyng,998,4778,,4110.34,,,21-04-2025,,31-07-2025,,,6,Tlaxcala,kthyngrp@businessinsider.com,1345889774,VKPQ630382HGX,Wordware
CuentaC,Ambur Garrold,999,,9136,,857.83,679,25-04-2025,03-12-2026,,31-12-2026,,1,Hidalgo,agarroldrq@dedecms.com,4831422558,,
CuentaN,Rog Yosselevitch,1000,2376,,6255.34,,,16-04-2025,,18-06-2025,,,6,Tlaxcala,ryosselevitchrr@icq.com,6415993178,SGLY733566HTF,Ooba
